PRAGMA foreign_keys=OFF;
BEGIN TRANSACTION;
CREATE TABLE IF NOT EXISTS "migrations" ("id" integer not null primary key autoincrement, "migration" varchar not null, "batch" integer not null);
INSERT INTO migrations VALUES(1,'2014_10_12_000000_create_users_table',1);
INSERT INTO migrations VALUES(2,'2014_10_12_100000_create_password_resets_table',1);
INSERT INTO migrations VALUES(3,'2019_08_19_000000_create_failed_jobs_table',1);
INSERT INTO migrations VALUES(4,'2019_12_14_000001_create_personal_access_tokens_table',1);
INSERT INTO migrations VALUES(5,'2023_01_31_205829_create_b_s_table',1);
INSERT INTO migrations VALUES(6,'2023_01_31_205853_create_c_i_s_table',1);
INSERT INTO migrations VALUES(7,'2023_01_31_205903_create_teams_table',1);
INSERT INTO migrations VALUES(8,'2023_01_31_205908_create_tickets_table',1);
INSERT INTO migrations VALUES(9,'2023_01_31_210033_team_user',1);
INSERT INTO migrations VALUES(11,'2023_02_02_142007_create_worknotes_table',1);
INSERT INTO migrations VALUES(12,'2023_03_09_133544_create_articles_table',1);
INSERT INTO migrations VALUES(13,'2023_03_09_183901_create_settings_table',1);
INSERT INTO migrations VALUES(15,'2023_02_02_141812_create_activities_table',2);
INSERT INTO migrations VALUES(16,'2023_03_26_183554_create_views_table',3);
INSERT INTO migrations VALUES(17,'2023_04_04_202841_create_notifications_table',3);
INSERT INTO migrations VALUES(19,'2023_05_08_113707_create_statuses_table',4);
CREATE TABLE IF NOT EXISTS "users" ("id" integer not null primary key autoincrement, "name" varchar not null, "email" varchar not null, "email_verified_at" datetime, "password" varchar not null, "remember_token" varchar, "created_at" datetime, "updated_at" datetime, "default_team" integer, view integer, show_ticket_count integer);
INSERT INTO users VALUES(1,'Joakim Saettem-Mucsi','joakim.saettem-mucsi@sagikos.com',NULL,'$2y$10$gzUC2rY6Nue7/ZECA4n8julK2JOolRYdV3/oQ1zXKmwY6xWS.zFUu','kWk0EUcp3giXvY25BSgY4SYGnbnCyenE3ridq9thCFpp9QIfQAGwUHYvS2gL','2023-03-13 18:35:42','2023-05-09 14:20:20',NULL,29,1);
INSERT INTO users VALUES(2,'Andrea Saettem-Mucsi','andrea@saettem-mucsi.com',NULL,'xxx',NULL,'2023-03-13 19:54:53','2023-03-13 19:55:17',NULL,NULL,1);
INSERT INTO users VALUES(3,'Zoltan Hatou','zoltan.hatou@honessy.com',NULL,'xxx',NULL,'2023-03-13 19:55:18','2023-03-13 19:55:30',NULL,NULL,1);
INSERT INTO users VALUES(4,'Andras Ugrin','ugrin.andras@ugrinpack.eu',NULL,'xxx',NULL,'2023-04-03 21:36:22','2023-04-03 21:36:36',NULL,NULL,1);
INSERT INTO users VALUES(5,'Katalin Gulyás','sales@ugrinpack.eu',NULL,'xxx',NULL,'2023-04-28 11:53:01','2023-04-28 11:53:32',NULL,NULL,NULL);
INSERT INTO users VALUES(6,'Orsolya Ugrin','ugrin.orsolya@ugrinpack.eu',NULL,'xxx',NULL,'2023-04-28 11:54:11','2023-04-28 11:54:25',NULL,NULL,NULL);
INSERT INTO users VALUES(7,'Per Johansson','per.johansson@sagikos.com',NULL,'xxx',NULL,'2023-05-06 21:22:52','2023-05-06 21:23:11',NULL,NULL,NULL);
CREATE TABLE IF NOT EXISTS "password_resets" ("email" varchar not null, "token" varchar not null, "created_at" datetime, primary key ("email"));
CREATE TABLE IF NOT EXISTS "failed_jobs" ("id" integer not null primary key autoincrement, "uuid" varchar not null, "connection" text not null, "queue" text not null, "payload" text not null, "exception" text not null, "failed_at" datetime default CURRENT_TIMESTAMP not null);
CREATE TABLE IF NOT EXISTS "personal_access_tokens" ("id" integer not null primary key autoincrement, "tokenable_type" varchar not null, "tokenable_id" integer not null, "name" varchar not null, "token" varchar not null, "abilities" text, "last_used_at" datetime, "expires_at" datetime, "created_at" datetime, "updated_at" datetime);
CREATE TABLE IF NOT EXISTS "b_s" ("id" integer not null primary key autoincrement, "created_at" datetime, "updated_at" datetime, "name" varchar not null);
INSERT INTO b_s VALUES(1,'2023-03-13 18:35:47','2023-05-04 07:53:34','Enterprise Systems');
INSERT INTO b_s VALUES(2,'2023-03-13 18:35:54','2023-05-04 07:53:37','Websites');
INSERT INTO b_s VALUES(3,'2023-04-21 11:41:01','2023-05-04 07:53:39','Business Related');
CREATE TABLE IF NOT EXISTS "c_i_s" ("id" integer not null primary key autoincrement, "created_at" datetime, "updated_at" datetime, "name" varchar not null, "bs_id" integer not null, "vendor" varchar);
INSERT INTO c_i_s VALUES(1,'2023-03-13 18:36:01','2023-05-04 07:53:00','tickets.sagikos.com',1,'Sagikos');
INSERT INTO c_i_s VALUES(2,'2023-03-13 18:37:03','2023-05-04 07:53:08','honessy.com',2,'Honessy');
INSERT INTO c_i_s VALUES(3,'2023-03-13 18:37:40','2023-05-04 07:53:12','internal.sagikos.com',1,'Sagikos');
INSERT INTO c_i_s VALUES(4,'2023-03-13 18:37:58','2023-05-04 07:53:15','tracker.sagikos.com',1,'Sagikos');
INSERT INTO c_i_s VALUES(5,'2023-03-13 18:38:26','2023-05-04 07:53:19','thoughts.sagikos.com',1,'Sagikos');
INSERT INTO c_i_s VALUES(6,'2023-04-02 17:58:22','2023-05-04 07:53:27','ugrinpack.eu',2,'Ugrinpack');
INSERT INTO c_i_s VALUES(7,'2023-04-21 11:41:26','2023-04-21 11:41:56','General',3,'Sagikos');
CREATE TABLE IF NOT EXISTS "teams" ("id" integer not null primary key autoincrement, "created_at" datetime, "updated_at" datetime, "name" varchar not null, "description" varchar, "email" varchar, "active" integer not null default '1');
INSERT INTO teams VALUES(1,'2023-03-13 18:39:17','2023-04-28 11:51:49','Sagikos-Development',NULL,'DL-Sagikos-Development@sagikos.com',1);
INSERT INTO teams VALUES(2,'2023-03-13 19:55:36','2023-04-28 11:51:53','Honessy-Management',NULL,'DL-Honessy-Management@sagikos.com',1);
INSERT INTO teams VALUES(3,'2023-03-13 19:56:10','2023-04-28 11:51:28','Sagikos-Management',NULL,'DL-Sagikos-Mgmt@sagikos.com',1);
INSERT INTO teams VALUES(4,'2023-04-02 17:58:56','2023-04-28 11:52:17','Ugrinpack-Management',NULL,'DL-Ugrunpack-Management@sagikos.com',1);
INSERT INTO teams VALUES(5,'2023-04-28 11:39:18','2023-05-06 21:23:37','SM-Management',NULL,'DL-SM-Management@saettem-mucsi.com',1);
CREATE TABLE IF NOT EXISTS "tickets" ("id" integer not null primary key autoincrement, "created_at" datetime, "updated_at" datetime, "opened" datetime not null, "requester" integer not null, "category" varchar, "subcategory" varchar, "businessservice_id" integer, "configurationitem_id" integer, "channel" varchar, "status" varchar, "impact" varchar, "urgency" varchar, "priority" varchar, "owner_group" integer, "assignment_group" integer, "assigned_to" integer, "short_description" varchar, "description" varchar, "active" integer not null default '0', onhold_reason null);
INSERT INTO tickets VALUES(1,'2023-03-13 19:02:21','2023-05-06 21:18:08','2023-03-13 19:02:21',1,'Enterprise Systems','Feature request',1,1,'Direct input','Resolved','3','3',NULL,1,1,1,'Add markdown tags to short descriptions in tickets, also descriptions, addl comments and **work notes**.','I mean, markdown in description is kinda useless, it won''t show up anywhere.',1,NULL);
INSERT INTO tickets VALUES(2,'2023-03-13 19:43:02','2023-03-23 20:12:16','2023-03-13 19:43:02',1,'Enterprise Systems','Feature request',1,1,'Direct input','Resolved','1','2','Critical (P1)',1,1,1,'New functionality: additional comments and work notes to work',NULL,1,NULL);
INSERT INTO tickets VALUES(3,'2023-03-13 19:52:20','2023-05-07 21:18:21','2023-03-13 19:52:20',1,'Websites','Feature request',2,2,'Direct input','Resolved','2','3',NULL,2,2,3,'New features needed',NULL,1,NULL);
INSERT INTO tickets VALUES(4,'2023-03-13 19:57:59','2023-04-24 21:10:08','2023-03-13 19:57:59',1,'Enterprise Systems','Feature request',1,1,'Direct input','Resolved','3','2',NULL,1,1,1,'New button on tickets. save which will save the inc and remain on the page.','The current update button will route back to ticket view.',1,NULL);
INSERT INTO tickets VALUES(5,'2023-03-22 19:33:46','2023-05-07 21:19:21','2023-03-22 19:33:46',1,'Enterprise Systems','Feature request',1,1,'Direct input','On hold','3','3','Medium (P3)',1,1,1,'Custom lists for tickets','Can customize columns, filters and groupings.',1,NULL);
INSERT INTO tickets VALUES(6,'2023-03-23 19:29:11','2023-03-23 19:29:11','2023-03-23 19:29:11',1,NULL,NULL,NULL,NULL,'Direct input','New','4 - Minor/Localized','4 - Low','Low (P4)',NULL,NULL,NULL,NULL,NULL,0,NULL);
INSERT INTO tickets VALUES(7,'2023-03-23 19:29:20','2023-03-26 18:47:52','2023-03-23 19:29:20',1,'Enterprise Systems','Feature request',1,1,'Direct input','Resolved','2','1',NULL,2,1,1,'New limit on textareas, change from 7 to 25 rows',replace(replace('New limit on textareas, change from 7 to 25 rows\r\n2\r\n3\r\n\r\n30','\r',char(13)),'\n',char(10)),1,NULL);
INSERT INTO tickets VALUES(8,'2023-03-23 20:25:24','2023-03-25 14:01:50','2023-03-23 20:25:24',1,'Enterprise Systems','Feature request',1,1,'Direct input','Resolved','2','2',NULL,1,1,1,'Track changes to a ticket as an activity and show them in the activity log of each ticket.',replace(replace('Need to track:\r\n- user\r\n- what field(s) were changed\r\n- old value and new value\r\n- ticket\r\n- date and time','\r',char(13)),'\n',char(10)),1,NULL);
INSERT INTO tickets VALUES(10,'2023-03-23 22:16:33','2023-03-23 22:16:33','2023-03-23 22:16:33',1,NULL,NULL,NULL,NULL,'Direct input','New','4 - Minor/Localized','4 - Low','Low (P4)',NULL,NULL,NULL,NULL,NULL,0,NULL);
INSERT INTO tickets VALUES(11,'2023-03-24 12:14:10','2023-03-25 14:00:54','2023-03-24 12:14:10',1,'Enterprise Systems','Feature request',1,1,'Direct input','Resolved','4','4',NULL,1,1,1,'How does ServiceNow implement Work notes and additional comments?',NULL,1,NULL);
INSERT INTO tickets VALUES(12,'2023-03-24 20:18:41','2023-04-04 13:32:59','2023-03-24 20:18:41',1,'Enterprise Systems','Feature request',1,1,'Direct input','Resolved','3','4',NULL,1,1,1,'Add support for Mermaid diagrams somehow, maybe as a new type of worknote?',NULL,1,NULL);
INSERT INTO tickets VALUES(13,'2023-03-25 11:57:53','2023-03-25 13:55:45','2023-03-25 11:57:53',1,'Enterprise Systems','Feature request',1,1,'Direct input','Resolved','4','4',NULL,1,1,1,'Smaller font by default on ticket fields',NULL,1,NULL);
INSERT INTO tickets VALUES(14,'2023-03-25 13:56:12','2023-05-07 21:08:21','2023-03-25 13:56:12',1,'Enterprise Systems','Bug',1,1,'Direct input','Resolved','1','1','Critical (P1)',1,1,1,'Prio not getting saved when updating a ticket',NULL,1,NULL);
INSERT INTO tickets VALUES(15,'2023-03-26 18:54:21','2023-05-07 21:16:48','2023-03-26 18:54:21',1,'Enterprise Systems','Feature request',1,1,'Direct input','New','4','4','Low (P4)',3,3,0,'How can we use Syntax highlighting to make things more interesting, fun and cool in templates, articles or other bodies of text?','How can we use Syntax highlighting to make things more interesting, fun and cool in templates, articles or other bodies of text?',1,NULL);
INSERT INTO tickets VALUES(16,'2023-04-03 21:16:24','2023-04-03 21:35:07','2023-04-03 21:16:24',1,'Enterprise Systems','Feature request',1,1,'Direct input','Resolved','4','4',NULL,1,1,1,'Add gradients as bg colors',NULL,1,NULL);
INSERT INTO tickets VALUES(17,'2023-04-03 21:31:53','2023-05-07 21:17:46','2023-04-03 21:31:53',1,'Enterprise Systems','Feature request',1,1,'Direct input','Resolved','4','4',NULL,1,1,1,'Be able to @mention someone',NULL,1,NULL);
INSERT INTO tickets VALUES(18,'2023-04-04 13:09:09','2023-05-07 21:18:50','2023-04-04 13:09:09',1,'Enterprise Systems','Feature request',1,1,'Direct input','On hold','4','4','Low (P4)',1,1,1,'Add Mermaid support on articles',NULL,1,NULL);
INSERT INTO tickets VALUES(19,'2023-04-04 13:29:03','2023-05-04 14:52:19','2023-04-04 13:29:03',1,'Enterprise Systems','Feature request',1,1,'Direct input','Resolved','4','4',NULL,3,1,1,'Be able to reference another ticket simply by the ticket number.','For example INC00001 should create a link to that ticket.',1,NULL);
INSERT INTO tickets VALUES(20,'2023-04-04 13:33:11','2023-05-02 16:30:35','2023-04-04 13:33:11',1,'Enterprise Systems','Feature request',1,1,'Direct input','Resolved','4','4',NULL,3,1,1,'Show ticket number in page title',NULL,1,NULL);
INSERT INTO tickets VALUES(21,'2023-04-21 07:47:43','2023-05-07 21:16:30','2023-04-21 07:47:43',1,'Enterprise Systems','Feature request',1,1,'Direct input','New','4','4','Low (P4)',1,1,0,'Can we have an epic/rare quality system for tickets? Legendary for P1 etc',NULL,1,NULL);
INSERT INTO tickets VALUES(22,'2023-04-21 07:49:04','2023-05-07 21:13:13','2023-04-21 07:49:04',1,'Enterprise Systems','Feature request',1,1,'Direct input','New','4','4','Low (P4)',1,1,0,'Ticket tooltip hover box which can be used in multiple please, e.g. in a ticket list',NULL,1,NULL);
INSERT INTO tickets VALUES(23,'2023-04-21 07:49:49','2023-05-07 21:16:38','2023-04-21 07:49:49',1,'Enterprise Systems','Feature request',1,1,'Direct input','New','4','4','Low (P4)',1,1,0,'Toolbar at bottom with keyboard shortcuts and icons for quick actions?',NULL,1,NULL);
INSERT INTO tickets VALUES(24,'2023-04-21 08:10:31','2023-05-07 21:19:05','2023-04-21 08:10:31',1,'Enterprise Systems','Feature request',1,1,'Direct input','On hold','3','3','Medium (P3)',1,1,1,'Be able to search for, attach and mention KB articles in any work note or addl comment.',NULL,1,NULL);
INSERT INTO tickets VALUES(25,'2023-04-21 11:40:48','2023-04-21 11:40:48','2023-04-21 11:40:48',1,NULL,NULL,NULL,NULL,'Direct input','New','4 - Minor/Localized','4 - Low','Low (P4)',NULL,NULL,NULL,NULL,NULL,0,NULL);
INSERT INTO tickets VALUES(26,'2023-04-21 11:42:03','2023-04-21 11:42:03','2023-04-21 11:42:03',1,NULL,NULL,NULL,NULL,'Direct input','New','4 - Minor/Localized','4 - Low','Low (P4)',NULL,NULL,NULL,NULL,NULL,0,NULL);
INSERT INTO tickets VALUES(27,'2023-04-21 11:42:23','2023-05-02 16:17:26','2023-04-21 11:42:23',1,'Enterprise Systems','Feature request',3,7,'Direct input','Resolved','3','3',NULL,3,3,1,'Define the Company branding profile',NULL,1,NULL);
INSERT INTO tickets VALUES(28,'2023-04-24 12:59:39','2023-04-24 21:16:49','2023-04-24 12:59:39',1,'Enterprise Systems','Feature request',1,1,'Direct input','Resolved','3','3',NULL,1,1,1,'Add a counter of the number of incidents shown in a view',NULL,1,NULL);
INSERT INTO tickets VALUES(29,'2023-04-24 21:55:52','2023-05-07 21:10:13','2023-04-24 21:55:52',1,'Enterprise Systems','Bug',1,1,'Direct input','New','1','1','Critical (P1)',1,1,0,'Mobile view is unusable',NULL,1,NULL);
INSERT INTO tickets VALUES(30,'2023-04-25 05:59:00','2023-05-07 21:12:03','2023-04-25 05:59:00',1,'Enterprise Systems','Feature request',1,1,'Direct input','New','3','2','High (P2)',1,1,0,'Implement file uploads',NULL,1,NULL);
INSERT INTO tickets VALUES(31,'2023-04-25 05:59:36','2023-05-07 21:12:27','2023-04-25 05:59:36',1,'Enterprise Systems','Feature request',1,1,'Direct input','New','1','4','Low (P4)',1,1,0,'Implement enforcement of required fields when updating/saving a ticket',NULL,1,NULL);
INSERT INTO tickets VALUES(32,'2023-04-25 06:06:05','2023-05-02 16:16:52','2023-04-25 06:06:05',1,'Enterprise Systems','Feature request',1,1,'Direct input','Resolved','4','4',NULL,1,1,1,'Clicking "create incident" should be a link,not a button. this way it can be clicked into a new tab etc',NULL,1,NULL);
INSERT INTO tickets VALUES(33,'2023-04-25 06:07:10','2023-05-07 21:12:13','2023-04-25 06:07:10',1,'Enterprise Systems','Feature request',1,1,'Direct input','New','4','4','Low (P4)',1,1,0,'Implement incident templates',NULL,1,NULL);
INSERT INTO tickets VALUES(34,'2023-04-25 06:09:15','2023-05-07 21:11:44','2023-04-25 06:09:15',1,'Enterprise Systems','Feature request',1,1,'Direct input','New','1','4','Low (P4)',1,1,0,'Activity stream',NULL,1,NULL);
INSERT INTO tickets VALUES(35,'2023-04-25 06:29:02','2023-05-07 21:19:15','2023-04-25 06:29:02',1,'Enterprise Systems','Feature request',1,1,'Direct input','On hold','4','4','Low (P4)',1,1,1,'Add a quick settings cogwheeel to top bar',NULL,1,NULL);
INSERT INTO tickets VALUES(36,'2023-04-25 07:58:34','2023-04-25 07:58:34','2023-04-25 07:58:34',1,NULL,NULL,NULL,NULL,'Direct input','New','4 - Minor/Localized','4 - Low','Low (P4)',NULL,NULL,NULL,NULL,NULL,0,NULL);
INSERT INTO tickets VALUES(37,'2023-04-25 07:58:42','2023-04-25 07:58:42','2023-04-25 07:58:42',1,NULL,NULL,NULL,NULL,'Direct input','New','4 - Minor/Localized','4 - Low','Low (P4)',NULL,NULL,NULL,NULL,NULL,0,NULL);
INSERT INTO tickets VALUES(38,'2023-04-25 07:58:43','2023-04-25 07:58:43','2023-04-25 07:58:43',1,NULL,NULL,NULL,NULL,'Direct input','New','4 - Minor/Localized','4 - Low','Low (P4)',NULL,NULL,NULL,NULL,NULL,0,NULL);
INSERT INTO tickets VALUES(39,'2023-04-25 07:58:44','2023-04-25 07:58:44','2023-04-25 07:58:44',1,NULL,NULL,NULL,NULL,'Direct input','New','4 - Minor/Localized','4 - Low','Low (P4)',NULL,NULL,NULL,NULL,NULL,0,NULL);
INSERT INTO tickets VALUES(40,'2023-04-25 07:58:44','2023-04-25 07:58:44','2023-04-25 07:58:44',1,NULL,NULL,NULL,NULL,'Direct input','New','4 - Minor/Localized','4 - Low','Low (P4)',NULL,NULL,NULL,NULL,NULL,0,NULL);
INSERT INTO tickets VALUES(41,'2023-04-25 08:01:26','2023-05-02 16:16:25','2023-04-25 08:01:26',1,'Enterprise Systems','Feature request',1,1,'Direct input','Resolved','4','4',NULL,1,1,1,'When scrolling on right side, the left side looks weird. Maybe keep the top toolbar fixed/sticky?',NULL,1,NULL);
INSERT INTO tickets VALUES(42,'2023-05-02 13:19:53','2023-05-02 15:43:52','2023-05-02 13:19:53',1,'Enterprise Systems','Feature request',1,1,'Direct input','Resolved','4','2',NULL,1,1,1,'Change colors of work notes and addl comments. Make them brighter on light display, verify on dark',NULL,1,NULL);
INSERT INTO tickets VALUES(43,'2023-05-03 12:51:47','2023-05-03 12:56:45','2023-05-03 12:51:47',1,'Enterprise Systems','Feature request',1,1,'Direct input','Resolved','4','4',NULL,1,1,1,'Enable modification of length of ticket identifier',NULL,1,NULL);
INSERT INTO tickets VALUES(44,'2023-05-03 12:58:32','2023-05-07 22:11:50','2023-05-03 12:58:32',1,'Enterprise Systems','Feature request',1,1,'Direct input','New','1','3','High (P2)',NULL,1,0,'Implement SLAs',NULL,1,NULL);
INSERT INTO tickets VALUES(45,'2023-05-03 13:03:25','2023-05-03 13:09:23','2023-05-03 13:03:25',1,'Enterprise Systems','Feature request',1,1,'Direct input','Resolved','4','4',NULL,NULL,1,1,'Implement a post button after worknote/addl comment',NULL,1,NULL);
INSERT INTO tickets VALUES(46,'2023-05-03 13:12:29','2023-05-04 13:48:56','2023-05-03 13:12:29',1,'Enterprise Systems','Feature request',1,3,'Direct input','Resolved','4','2',NULL,NULL,1,1,'Implement different color in activity stream for addl comments and field changes',NULL,1,NULL);
INSERT INTO tickets VALUES(47,'2023-05-03 13:34:30','2023-05-03 13:46:56','2023-05-03 13:34:30',1,'Enterprise Systems','Feature request',1,1,'Direct input','Resolved','4','4',NULL,NULL,1,1,'Implement clicking Post button to jump down to activity stream',NULL,1,NULL);
INSERT INTO tickets VALUES(48,'2023-05-03 13:36:25','2023-05-07 21:11:33','2023-05-03 13:36:25',1,'Enterprise Systems','Feature request',1,1,'Direct input','New','1','3','High (P2)',1,1,0,'Implement Requests',NULL,1,NULL);
INSERT INTO tickets VALUES(49,'2023-05-03 13:36:35','2023-05-08 11:34:00','2023-05-03 13:36:35',1,'Enterprise Systems','Feature request',1,1,'Direct input','On hold','1','4','Low (P4)',NULL,1,0,'Implement a self-service portal',NULL,1,NULL);
INSERT INTO tickets VALUES(50,'2023-05-03 14:12:23','2023-05-03 14:14:32','2023-05-03 14:12:23',1,'Enterprise Systems','Bug',1,1,'Direct input','Resolved',NULL,NULL,NULL,NULL,1,1,'requester has ended up in the wrong place now, needs to be below number on the left side',NULL,1,NULL);
INSERT INTO tickets VALUES(51,'2023-05-04 13:45:10','2023-05-04 13:48:07','2023-05-04 13:45:10',1,'Enterprise Systems','Feature request',1,1,'Direct input','Resolved','4','4',NULL,NULL,1,1,'Implement smaller font size in Views',NULL,1,NULL);
INSERT INTO tickets VALUES(52,'2023-05-05 13:37:26','2023-05-07 21:12:38','2023-05-05 13:37:26',1,'Enterprise Systems','Feature request',1,1,'Direct input','New','1','4','Low (P4)',NULL,1,0,'If a ticket has unsaved info, prevent navigating away',NULL,1,NULL);
INSERT INTO tickets VALUES(53,'2023-05-05 13:39:55','2023-05-06 22:00:35','2023-05-05 13:39:55',1,'Enterprise Systems','Feature request',1,1,'Direct input','Resolved','4','4',NULL,NULL,1,1,'Implement new buttons at the top.',NULL,1,NULL);
INSERT INTO tickets VALUES(54,'2023-05-05 13:43:46','2023-05-05 13:43:46','2023-05-05 13:43:46',1,NULL,NULL,NULL,NULL,'Direct input','New','4 - Minor/Localized','4 - Low','Low (P4)',NULL,NULL,NULL,NULL,NULL,0,NULL);
INSERT INTO tickets VALUES(55,'2023-05-05 15:03:10','2023-05-06 21:19:08','2023-05-05 15:03:10',1,'Enterprise Systems','Feature request',1,1,'Direct input','Resolved','4','4',NULL,1,1,1,'Implement the notifications system',NULL,1,NULL);
INSERT INTO tickets VALUES(56,'2023-05-06 21:25:23','2023-05-06 21:32:35','2023-05-06 21:25:23',1,'Enterprise Systems','Feature request',1,1,'Direct input','Resolved','4','4',NULL,1,1,1,'Make inc button bar sticky',NULL,1,NULL);
INSERT INTO tickets VALUES(57,'2023-05-06 22:01:44','2023-05-06 22:03:41','2023-05-06 22:01:44',1,NULL,NULL,NULL,NULL,'Direct input','Resolved',NULL,NULL,NULL,NULL,NULL,NULL,'test',NULL,1,NULL);
INSERT INTO tickets VALUES(58,'2023-05-06 22:03:57','2023-05-06 22:18:21','2023-05-06 22:03:57',1,'Enterprise Systems','Feature request',1,1,'Direct input','Resolved','1','3',NULL,NULL,1,1,'Make all fields read-only for an incident in Resolved status',NULL,1,NULL);
INSERT INTO tickets VALUES(59,'2023-05-06 22:04:43','2023-05-07 21:17:09','2023-05-06 22:04:43',1,'Enterprise Systems','Feature request',1,1,'Direct input','New','1','4','Low (P4)',1,1,0,'Implement being able to quick update an incident in a view',NULL,1,NULL);
INSERT INTO tickets VALUES(60,'2023-05-07 17:54:52','2023-05-07 17:57:19','2023-05-07 17:54:52',1,'Enterprise Systems','Feature request',1,1,'Direct input','Resolved','1','4',NULL,1,1,1,'When putting an inc on hold, go back to ticket view',NULL,1,NULL);
INSERT INTO tickets VALUES(61,'2023-05-07 21:30:06','2023-05-07 21:31:50','2023-05-07 21:30:06',1,'Enterprise Systems','Feature request',1,1,'Direct input','New','4','4','Low (P4)',1,1,0,'Ideas to steal from ServiceNow','Taken from the personal develop version of snow.',1,NULL);
INSERT INTO tickets VALUES(62,'2023-05-08 06:23:00','2023-05-08 17:15:07','2023-05-08 06:23:00',1,'Enterprise Systems','Feature request',1,1,'Direct input','In progress','1','3','High (P2)',1,1,0,'Implement On Hold reason',replace(replace('Whenever an incident is on hold, a reason must be picked.\r\nFor example this could be \r\n- Waiting for user - confirm resolution\r\n- Waiting for user - troubleshooting\r\n- Waiting for internal system\r\n- Waiting for problem\r\n- Waiting for change','\r',char(13)),'\n',char(10)),1,NULL);
INSERT INTO tickets VALUES(63,'2023-05-08 11:34:16','2023-05-08 11:49:48','2023-05-08 11:34:16',1,'Enterprise Systems','Feature request',1,1,'Direct input','On hold','1','4','Low (P4)',1,1,1,'Implement statuses as a model in the db instead of static javascript',NULL,1,NULL);
INSERT INTO tickets VALUES(64,'2023-05-08 11:35:04','2023-05-08 12:54:59','2023-05-08 11:35:04',1,'Enterprise Systems','Bug',1,1,'Direct input','Resolved','1','3','High (P2)',1,1,1,'Field changes to show actual values, not just ids',NULL,1,NULL);
CREATE TABLE IF NOT EXISTS "team_user" ("team_id" integer not null, "user_id" integer not null);
INSERT INTO team_user VALUES(2,3);
INSERT INTO team_user VALUES(4,4);
INSERT INTO team_user VALUES(4,5);
INSERT INTO team_user VALUES(4,6);
INSERT INTO team_user VALUES(1,1);
INSERT INTO team_user VALUES(2,1);
INSERT INTO team_user VALUES(3,1);
INSERT INTO team_user VALUES(5,1);
INSERT INTO team_user VALUES(3,2);
INSERT INTO team_user VALUES(5,2);
INSERT INTO team_user VALUES(2,2);
INSERT INTO team_user VALUES(1,7);
INSERT INTO team_user VALUES(3,7);
CREATE TABLE IF NOT EXISTS "articles" ("id" integer not null primary key autoincrement, "created_at" datetime, "updated_at" datetime, "user_id" integer not null, "title" varchar not null, "body" text not null);
INSERT INTO articles VALUES(1,'2023-03-14 13:25:55','2023-03-15 14:57:23',1,'Local_IT',replace('**Manager:** Manal Alsaksak.\n\n## LOCAL-SEGET\n- Magnus Rudenfors\n- Lingaraj Panda\n- Nikolaj Lingen Geertinger\n- Magnus Johansson\n- Stefan Bergman\n- Mats Lindberg\n\n## LOCAL-SEGOT\n- Daniel Gotfredsen\n- Ali Hasnain\n- Fredrik Edvardsson\n\n## LOCAL-SESOL\n- Mikael Falk\n- Peter Renholm\n- Hicham Alj\n\n## LOCAL-SEVXO\n- Jonas Magnusson\n- Mikael Lindblom\n- Jesper Renerius\n\n## LOCAL-SESOL-ELO\n- Sara Pettersson\n- Freya Küppers\n- Malin Ramström\n- Malin Petersson\n- Adrian Pastoriza','\n',char(10)));
INSERT INTO articles VALUES(2,'2023-03-15 15:11:28','2023-03-15 15:15:23',1,'Joakim',replace('Yo yo, it''s me!\n\n{{ Local_IT }} has nothing on me.','\n',char(10)));
INSERT INTO articles VALUES(3,'2023-03-15 15:21:03','2023-03-15 15:21:14',1,'Sagikos_Tickets','This is it. It''s the platform you are using.');
INSERT INTO articles VALUES(4,'2023-03-16 19:23:58','2023-03-21 08:16:30',1,'Getinge',replace('Some articles:\n- {{ Access_Card }}\n- {{ Active_Directory }}\n- {{ Adobe_Sign }}\n- {{ BPC_iexplorer }}\n- {{ CATS }}\n- {{ Cytric }}\n- {{ ELO }}\n- {{ Exchange }}\n- {{ GetLearning }}\n- {{ Hardware }}\n- {{ Jazz }}\n- {{ Kontek }}\n- {{ Linux }}\n- {{ Lotus_Notes }}\n- {{ M3 }}\n- {{ Master_Data_Management_MDM }}\n- {{ Mimecast }}\n- {{ Network }}\n- {{ Fileshare }}\n- {{ New_user }}\n- {{ O365 }}\n- {{ OMT }}\n- {{ Oxando }}\n- {{ PDM_SolidWorks }}\n- {{ Power_Apps }}\n- {{ PowerBI }}\n- {{ SalesForce }}\n- {{ Teams }}\n- {{ TSS }}\n- {{ UX_Account }}\n- {{ winSQL }}','\n',char(10)));
INSERT INTO articles VALUES(5,'2023-03-16 19:25:38','2023-03-16 19:25:50',1,'Access_Card','Assign to {{ Local_IT }}.');
INSERT INTO articles VALUES(6,'2023-03-16 19:34:15','2023-03-16 19:34:40',1,'Active_Directory',replace('# Namechange\nAssign to {{ Active_Directory_2nd_line }}.','\n',char(10)));
INSERT INTO articles VALUES(7,'2023-03-16 19:34:50','2023-03-16 19:35:40',1,'Adobe_Sign',replace('# Access\nKB0011544 - Assign to **Adobe Sign QRC**.','\n',char(10)));
INSERT INTO articles VALUES(8,'2023-03-16 19:35:50','2023-03-16 19:36:32',1,'BPC_iexplorer',replace('# Access through Citrix\nAsk {{ Active_Directory_2nd_line }} team to add **CTXApp-GGCTX-App-DEROT-BPC_iexplorer** to user and it should work.','\n',char(10)));
INSERT INTO articles VALUES(9,'2023-03-16 19:36:36','2023-03-16 19:36:36',1,'Active_Directory_2nd_line','Empty article');
INSERT INTO articles VALUES(10,'2023-03-16 19:36:57','2023-03-16 19:37:15',1,'CATS','{{ SAP }} ticket, cancel per KB0011906.');
INSERT INTO articles VALUES(11,'2023-03-16 19:37:27','2023-03-16 19:38:25',1,'Cytric',replace('# Access\nProvided by {{ HR }}.\n\n# Errors\nContact local BCP.','\n',char(10)));
INSERT INTO articles VALUES(12,'2023-03-16 19:38:29','2023-03-16 19:38:29',1,'HR','Empty article');
INSERT INTO articles VALUES(13,'2023-03-16 19:38:36','2023-03-16 19:38:52',1,'ELO','Assign to **LOCAL-SESOL-ELO**.');
INSERT INTO articles VALUES(14,'2023-03-16 19:41:37','2023-03-16 19:42:26',1,'Exchange',replace('# Change OOO\nTry on {{ SWC }} with manager''s approval, otherwise assign to {{ Active_Directory_2nd_line }}.','\n',char(10)));
INSERT INTO articles VALUES(15,'2023-03-16 19:42:36','2023-03-16 19:43:15',1,'GetLearning',replace('Cancel ticket and comment\n> Make sure to create a GetLearning ticket next time so this is routed directly to the right team. Go To GetHelp, Learning & Training, GetLearning. Thank you.','\n',char(10)));
INSERT INTO articles VALUES(16,'2023-03-16 19:43:34','2023-03-21 08:04:01',1,'Hardware',replace('# New hardware order\nFill out Excel form and attach separate manager approval. Then assign to {{ Nordic_Hardware }}.\n\n## Additional Comments Template\nHi, \nplease fill out the form that you can download from this page. And then attach that and an email approval from your manager to order this hardware. We can then proceed. \n\nhttps://getlibrary.getinge.com/3186.guide?pageNumber=9 \n\nThanks\nJoakim\n\n# Broken accessories\nAssign to Nordic Hardware without form.','\n',char(10)));
INSERT INTO articles VALUES(17,'2023-03-21 08:02:08','2023-04-21 08:09:49',1,'Nordic_Hardware','This team handles all new hardware orders in the Nordics (Sweden, Denmark, Norway, and Finland).');
INSERT INTO articles VALUES(18,'2023-03-21 08:16:41','2023-03-21 09:23:34',1,'Jazz','Ask user to contact **Anders Särnblad**.');
INSERT INTO articles VALUES(19,'2023-03-21 08:16:42','2023-03-21 09:24:09',1,'Kontek',replace('Refer to HR with access issues.\nAnything physical, assign to {{ Local_IT }}.','\n',char(10)));
INSERT INTO articles VALUES(20,'2023-03-21 08:16:42','2023-03-21 09:24:35',1,'Linux',replace('# Local issues\nAssign to {{ Local_IT }}.','\n',char(10)));
INSERT INTO articles VALUES(21,'2023-03-21 09:25:57','2023-03-21 09:26:12',1,'Lotus_Notes','Assign to **Lotus Notes**.');
INSERT INTO articles VALUES(22,'2023-03-21 09:26:32','2023-03-21 09:27:21',1,'M3',replace('- Data issues and new user/access: **IC M3 support LVL2**.\n- Password reset: {{ Active_Directory_2nd_line }}','\n',char(10)));
INSERT INTO articles VALUES(23,'2023-03-21 09:27:31','2023-03-21 09:27:54',1,'Master_Data_Management_MDM',replace('Anytyhing related to Master Data Management (SAP):\n- Assign to **Getinge-MDM**','\n',char(10)));
INSERT INTO articles VALUES(24,'2023-03-21 09:28:45','2023-03-21 09:29:23',1,'Mimecast','Assign to **O365 / MDM 2nd Line** include subject of the email.');
INSERT INTO articles VALUES(25,'2023-03-21 09:29:40','2023-03-21 09:29:54',1,'Network','Assign to **Network 2nd Line**.');
INSERT INTO articles VALUES(26,'2023-03-21 09:30:05','2023-03-21 09:30:49',1,'Fileshare',replace('A.k.a network drive.\n\n# Provision access to a file share\nAssign to {{ Active_Directory_2nd_line }}.','\n',char(10)));
INSERT INTO articles VALUES(27,'2023-03-21 09:31:08','2023-03-21 09:31:26',1,'New_user',replace('# New access/badge/PC\nAssign to {{ Local_IT }}.','\n',char(10)));
INSERT INTO articles VALUES(28,'2023-03-21 09:31:35','2023-03-21 09:32:33',1,'O365',replace('# Add proofing language\nFor spell check in Word and so on for e.g. Bokmål, if it cannot be deployed from {{ SWC }}, assign incident to {{ Active_Directory_2nd_line }}.','\n',char(10)));
INSERT INTO articles VALUES(29,'2023-03-21 09:32:45','2023-03-21 09:33:20',1,'OMT',replace('# Access\nAssign to {{ Active_Directory_2nd_line }}\n\n# Printer\nSee emailed PDF on how to handle this.','\n',char(10)));
INSERT INTO articles VALUES(30,'2023-03-21 09:33:29','2023-03-21 09:33:47',1,'Oxando','Handle as a {{ SAP }} ticket.');
INSERT INTO articles VALUES(31,'2023-03-21 09:33:50','2023-03-21 09:37:39',1,'SAP',replace('Refer to KB0011906:\n\n\n    Hi,\n    \n    Please be advised the ticket you have submitted has been declined. SAP requests via email and phone are no longer accepted as of Dec 31, 2016.\n    \n    You must contact your Key User. ONLY Key Users can submit a Helpdesk ticket directly from GetHelp. Please refer to the below link for a list of Key Users:\n    \n    https://getlibrary.getinge.com/3546.guide\n    \n    For Password resets, please refer to the PSS Document located in the below link.\n    http://mshape-pgr001.getingegroup.local:8000/sap/bc/webdynpro/sap/grac_uibb_end_user_login\n    \n    In case you need any clarification, please contact us at +46 10 335 6333\n    \n    Thank you,\n    GETINGE IT Service Desk\n    Email: servicedesk@getinge.com\n    Self-Service Portal: https://servicedesk.getinge.com','\n',char(10)));
INSERT INTO articles VALUES(32,'2023-03-22 19:21:31','2023-03-22 19:22:09',1,'SWC','A.k.a. **SoftWare Central**.');
INSERT INTO articles VALUES(33,'2023-03-22 19:23:37','2023-03-22 19:23:37',1,'winSQL','Empty article');
INSERT INTO articles VALUES(34,'2023-03-22 19:23:39','2023-03-22 19:23:39',1,'UX_Account','Empty article');
INSERT INTO articles VALUES(35,'2023-03-22 19:23:40','2023-03-22 19:23:40',1,'TSS','Empty article');
INSERT INTO articles VALUES(36,'2023-03-22 19:23:42','2023-03-22 19:23:42',1,'Teams','Empty article');
INSERT INTO articles VALUES(37,'2023-03-22 19:23:44','2023-03-22 19:23:44',1,'SalesForce','Empty article');
INSERT INTO articles VALUES(38,'2023-03-22 19:23:45','2023-03-22 19:23:45',1,'PowerBI','Empty article');
INSERT INTO articles VALUES(39,'2023-03-22 19:23:47','2023-03-22 19:23:47',1,'Power_Apps','Empty article');
INSERT INTO articles VALUES(40,'2023-03-22 19:23:49','2023-03-22 19:23:49',1,'PDM_SolidWorks','Empty article');
INSERT INTO articles VALUES(41,'2023-03-25 14:02:35','2023-03-28 11:59:30',1,'Zoltan','*Mr Honey*');
INSERT INTO articles VALUES(42,'2023-03-28 10:59:54','2023-03-28 11:03:22',1,'Honessy',replace('New company by {{ Zoltan }}.\n\n- Vill även ha en live siffra på hemisdan till höger. Där det står amount of bees that produces Honessy honey right now. med en live siffra typ\n- så vi har egentligen   2 stora mål\n  1. få människor medvetna om honung  och att de kör 1 sked per dag\n  2. stärka och hjälpa bioodlare så mycket som möjligt\n\nSamtidigt som vi ska bli ett stort jävla varumärke\nsom FElix ketchup\nvi ska drickor, kanske såser\ntvål\noch vi ska hjälpa världen att besegra klimat kampen','\n',char(10)));
INSERT INTO articles VALUES(43,'2023-04-04 13:18:45','2023-04-04 13:42:36',1,'test',replace('Testy article.\n\n```mermaid\nflowchart LR\n    Start --> Stopp\n```','\n',char(10)));
INSERT INTO articles VALUES(44,'2023-04-21 11:44:56','2023-04-21 11:45:12',1,'Branding',replace('# Sagikos Branding\n## Colors','\n',char(10)));
INSERT INTO articles VALUES(45,'2023-05-06 21:20:28','2023-05-06 21:20:28',1,'KB001264','Empty article');
INSERT INTO articles VALUES(46,'2023-05-07 21:31:52','2023-05-07 21:57:38',1,'ServiceNow_Services',replace('* Business Applications\n* Dashboards\n* Service Catalog\n* Employee Center (like a new SP)\n* Knowledge\n---\n* Visual task boards (kanban?)\n* Incidents\n* Watched incidents\n* My requests\n* Requested items\n* Watched requested items\n---\n* My connected apps\n* My profile\n* My tagged documents\n* My tags\n* My knowledge articles\n* Take survey\n* My approvals\n* My assessments and surveys\n* My assets\n* My notification preferences\n---\n* Service desk\n  * Callers\n  * Incidents\n  * Knowledge\n  * My work\n  * My groups work\n  * My approvals\n  * SLA\n    * My work\n    * My groups work\n---\n* Incident. an inc status can be new, ip, oh, resolved, closed or canceled.\n    * Create new\n    * Assigned to me\n    * Open\n    * Open - unassigned\n    * Resolved\n    * All\n    * Overview\n    * Critical incidents map\n    * Administration\n      * Incident properties\n* Problem\n  * Create new\n  * Assigned to me\n  * Open\n  * Open - unassigned\n  * Resolved\n  * Risk accepted\n  * All\n  * Overview\n  * Administration\n    * Problem properties\n* Change\n  * Create new\n  * Open\n  * Closed\n  * All\n  * Overview\n  * Standard change\n    * Standard change catalog\n    * My proposals\n    * Open proposals\n    * All templates\n* Reports\n* CMDB Workspace\n* Configuration\n* Service Level Management\n  * SLA\n    * SLA Definitions\n      * name, target: response/resolution, duration time: days/hours/mins/secs, table: incident, schedule: 24/7, 8-5 etc, timezone: callers timezone/sla timezone, active, \n      * then for each sla definition, start, pause, stop and reset conditions can be applied. each condition will use incident/request fields such as active=1, prio=1, pause can be status=onhold/resolved\n    * Overview','\n',char(10)));
CREATE TABLE IF NOT EXISTS "settings" ("id" integer not null primary key autoincrement, "created_at" datetime, "updated_at" datetime, "user_id" integer not null, "setting" varchar not null, "value" varchar not null);
CREATE TABLE IF NOT EXISTS "worknotes" (id integer primary key not null, created_at datetime, updated_at datetime, ticket_id integer not null, user_id integer not null, internal integer not null, body varchar, type varchar, data varchar);
INSERT INTO worknotes VALUES(1,'2023-03-24 12:34:43','2023-03-24 12:34:43',2,1,0,'Added.','Additional comments',NULL);
INSERT INTO worknotes VALUES(2,'2023-03-24 12:34:56','2023-03-24 12:34:56',2,1,1,'New code.','Work notes (only visible to IT)',NULL);
INSERT INTO worknotes VALUES(3,'2023-03-24 13:47:23','2023-03-24 13:47:23',11,1,0,'It has one model called Journal, and worknotes as well as addl comments are just one type of that journal. Kind of like my activity model idea first.','Additional comments',NULL);
INSERT INTO worknotes VALUES(4,'2023-03-24 20:19:40','2023-03-24 20:19:40',12,1,0,NULL,'Field changes','[["category","Enterprise Systems",null],["subcategory","Feature request",null],["businessservice_id","1",null],["configurationitem_id","1",null],["impact","3","4 - Minor\/Localized"],["urgency","4","4 - Low"],["owner_group","1",null],["assignment_group","1",null],["assigned_to","1",null],["short_description","Add support for Mermaid diagrams somehow, maybe as a new type of worknote?",null],["active","1",0]]');
INSERT INTO worknotes VALUES(5,'2023-03-24 20:19:44','2023-03-24 20:19:44',12,1,0,NULL,'Field changes','[["status","In progress","New"]]');
INSERT INTO worknotes VALUES(6,'2023-03-24 20:33:36','2023-03-24 20:33:36',12,1,1,replace(replace('graph TD\r\nA[Client] -->|tcp_123| B\r\nB(Load Balancer) \r\nB -->|tcp_456| C[Server1] \r\nB -->|tcp_456| D[Server2]','\r',char(13)),'\n',char(10)),'Diagram',NULL);
INSERT INTO worknotes VALUES(7,'2023-03-24 20:37:52','2023-03-24 20:37:52',12,1,1,replace(replace('erDiagram\r\n    CUSTOMER ||--o{ ORDER : places\r\n    ORDER ||--|{ LINE-ITEM : contains\r\n    CUSTOMER }|..|{ DELIVERY-ADDRESS : uses\r\n    \r\n    CUSTOMER {\r\n        String id\r\n        String name\r\n    }\r\n    ORDER {\r\n        String id\r\n        OrderStatus status\r\n    }\r\n    LINE-ITEM {\r\n        String code\r\n        String description\r\n        int quantity\r\n        int price\r\n    }','\r',char(13)),'\n',char(10)),'Diagram',NULL);
INSERT INTO worknotes VALUES(8,'2023-03-25 09:22:56','2023-03-25 09:22:56',12,1,0,NULL,'Field changes','[["status","Resolved","In progress"]]');
INSERT INTO worknotes VALUES(9,'2023-03-25 09:22:56','2023-03-25 09:22:56',12,1,0,'Well, that was easy. Done!','Additional comments',NULL);
INSERT INTO worknotes VALUES(10,'2023-03-25 11:58:12','2023-03-25 11:58:12',13,1,0,NULL,'Field changes','[["impact",null,"4 - Minor\/Localized"],["urgency",null,"4 - Low"],["short_description","Smaller font by default on ticket fields",null],["description","Smaller font by default on ticket fields",null],["active","1",0]]');
INSERT INTO worknotes VALUES(11,'2023-03-25 11:58:26','2023-03-25 11:58:26',13,1,0,NULL,'Field changes','[["category","Enterprise Systems",null],["subcategory","Feature request",null],["businessservice_id","1",null],["configurationitem_id","1",null],["impact","4",null],["urgency","4",null],["owner_group","1",null],["assignment_group","1",null],["assigned_to","1",null]]');
INSERT INTO worknotes VALUES(12,'2023-03-25 12:02:08','2023-03-25 12:02:08',13,1,0,NULL,'Field changes','[["status","Resolved","New"]]');
INSERT INTO worknotes VALUES(13,'2023-03-25 12:02:08','2023-03-25 12:02:08',13,1,0,'Done','Additional comments',NULL);
INSERT INTO worknotes VALUES(14,'2023-03-25 13:55:45','2023-03-25 13:55:45',13,1,0,NULL,'Field changes','[["priority",null,"Low (P4)"],["description",null,"Smaller font by default on ticket fields"]]');
INSERT INTO worknotes VALUES(15,'2023-03-25 13:56:38','2023-03-25 13:56:38',14,1,0,NULL,'Field changes','[["category","Enterprise Systems",null],["subcategory","Bug",null],["businessservice_id","1",null],["configurationitem_id","1",null],["impact","3","4 - Minor\/Localized"],["urgency","3","4 - Low"],["priority",null,"Low (P4)"],["owner_group","1",null],["assignment_group","1",null],["assigned_to","1",null],["short_description","Prio not getting saved when updating a ticket",null],["active","1",0]]');
INSERT INTO worknotes VALUES(16,'2023-03-25 13:57:44','2023-03-25 13:57:44',14,1,0,NULL,'Field changes','[["status","In progress","New"]]');
INSERT INTO worknotes VALUES(17,'2023-03-25 14:00:54','2023-03-25 14:00:54',11,1,0,NULL,'Field changes','[["status","Resolved","In progress"],["priority",null,"Low (P4)"]]');
INSERT INTO worknotes VALUES(18,'2023-03-25 14:01:14','2023-03-25 14:01:14',5,1,0,NULL,'Field changes','[["status","On hold","In progress"],["priority",null,"Medium (P3)"]]');
INSERT INTO worknotes VALUES(19,'2023-03-25 14:01:14','2023-03-25 14:01:14',5,1,1,'Not yet started.','Work notes (only visible to IT)',NULL);
INSERT INTO worknotes VALUES(20,'2023-03-25 14:01:50','2023-03-25 14:01:50',8,1,0,NULL,'Field changes','[["status","Resolved","In progress"],["priority",null,"High (P2)"]]');
INSERT INTO worknotes VALUES(21,'2023-03-25 14:01:50','2023-03-25 14:01:50',8,1,0,'Implemented.','Additional comments',NULL);
INSERT INTO worknotes VALUES(22,'2023-03-25 14:02:30','2023-03-25 14:02:30',8,1,0,'Implemented.','Additional comments',NULL);
INSERT INTO worknotes VALUES(23,'2023-03-25 14:02:30','2023-03-25 14:02:30',8,1,1,'On hold pending {{ Zoltan }}.','Work notes (only visible to IT)',NULL);
INSERT INTO worknotes VALUES(24,'2023-03-25 14:02:57','2023-03-25 14:02:57',8,1,1,'moo?','Work notes (only visible to IT)',NULL);
INSERT INTO worknotes VALUES(25,'2023-03-26 18:47:52','2023-03-26 18:47:52',7,1,0,NULL,'Field changes','[["status","Resolved","New"],["priority",null,"Critical (P1)"]]');
INSERT INTO worknotes VALUES(26,'2023-03-26 18:47:52','2023-03-26 18:47:52',7,1,0,'Fixed.','Additional comments',NULL);
INSERT INTO worknotes VALUES(27,'2023-03-26 18:55:12','2023-03-26 18:55:12',15,1,0,NULL,'Field changes','[["category","Enterprise Systems",null],["subcategory","Feature request",null],["businessservice_id","1",null],["configurationitem_id","1",null],["impact","4","4 - Minor\/Localized"],["urgency","4","4 - Low"],["priority",null,"Low (P4)"],["owner_group","3",null],["assignment_group","1",null],["assigned_to","0",null],["active","1",0]]');
INSERT INTO worknotes VALUES(28,'2023-03-26 18:55:58','2023-03-26 18:55:58',15,1,0,NULL,'Field changes','[["assignment_group","3",1],["assigned_to","1",0],["short_description","How can we use Syntax highlighting to make things more interesting, fun and cool in templates, articles or other bodies of text?",null],["description","How can we use Syntax highlighting to make things more interesting, fun and cool in templates, articles or other bodies of text?",null]]');
INSERT INTO worknotes VALUES(29,'2023-03-27 07:15:13','2023-03-27 07:15:13',14,1,0,NULL,'Field changes','[["impact","1","3"],["urgency","1","3"]]');
INSERT INTO worknotes VALUES(30,'2023-04-03 18:13:29','2023-04-03 18:13:29',1,1,0,NULL,'Field changes','[["priority",null,"Medium (P3)"]]');
INSERT INTO worknotes VALUES(31,'2023-04-03 18:13:29','2023-04-03 18:13:29',1,1,0,'How was it done?','Additional comments',NULL);
INSERT INTO worknotes VALUES(32,'2023-04-03 18:16:16','2023-04-03 18:16:16',1,1,1,replace(replace('Notes on how to enable this functionality:\r\n```\r\ncomposer require "graham-campbell/markdown:^15.0"\r\n```','\r',char(13)),'\n',char(10)),'Work notes (only visible to IT)',NULL);
INSERT INTO worknotes VALUES(33,'2023-04-03 18:18:18','2023-04-03 18:18:18',1,1,1,replace(replace('On the model, add a static method:\r\n```php\r\npublic static function mark($text)\r\n	{\r\n		return  Markdown::convert($text)->getContent();\r\n	}\r\n```','\r',char(13)),'\n',char(10)),'Work notes (only visible to IT)',NULL);
INSERT INTO worknotes VALUES(34,'2023-04-03 18:20:59','2023-04-03 18:20:59',1,1,1,replace(replace('And add this to the top of the model:\r\n\r\n```php\r\nuse GrahamCampbell\Markdown\Facades\Markdown;\r\n```','\r',char(13)),'\n',char(10)),'Work notes (only visible to IT)',NULL);
INSERT INTO worknotes VALUES(35,'2023-04-03 21:09:28','2023-04-03 21:09:28',1,1,0,NULL,'Field changes','[["businessservice_id","1",2],["configurationitem_id","1",0]]');
INSERT INTO worknotes VALUES(36,'2023-04-03 21:17:08','2023-04-03 21:17:08',16,1,0,NULL,'Field changes','[["category","Enterprise Systems",null],["subcategory","Feature request",null],["businessservice_id","1",null],["configurationitem_id","1",null],["status","In progress","New"],["impact","4","4 - Minor\/Localized"],["urgency","4","4 - Low"],["priority",null,"Low (P4)"],["owner_group","1",null],["assignment_group","1",null],["assigned_to","1",null],["short_description","Add gradients as bg colors",null],["active","1",0]]');
INSERT INTO worknotes VALUES(37,'2023-04-03 21:32:30','2023-04-03 21:32:30',17,1,0,NULL,'Field changes','[["category","Enterprise Systems",null],["subcategory","Feature request",null],["businessservice_id","1",null],["configurationitem_id","1",null],["status","In progress","New"],["impact","4","4 - Minor\/Localized"],["urgency","4","4 - Low"],["priority",null,"Low (P4)"],["owner_group","1",null],["assignment_group","1",null],["assigned_to","1",null],["short_description","Be able to @mention someone",null],["active","1",0]]');
INSERT INTO worknotes VALUES(38,'2023-04-03 21:35:07','2023-04-03 21:35:07',16,1,0,NULL,'Field changes','[["status","Resolved","In progress"]]');
INSERT INTO worknotes VALUES(39,'2023-04-03 21:35:07','2023-04-03 21:35:07',16,1,0,'Done.','Additional comments',NULL);
INSERT INTO worknotes VALUES(40,'2023-04-04 13:09:28','2023-04-04 13:09:28',18,1,0,NULL,'Field changes','[["category","Enterprise Systems",null],["subcategory","Feature request",null],["businessservice_id","1",null],["configurationitem_id","1",null],["impact","4","4 - Minor\/Localized"],["urgency","4","4 - Low"],["priority",null,"Low (P4)"],["owner_group","1",null],["assignment_group","1",null],["assigned_to","1",null],["short_description","Add Mermaid support on articles",null],["active","1",0]]');
INSERT INTO worknotes VALUES(41,'2023-04-04 13:14:17','2023-04-04 13:14:17',18,1,0,replace(replace('Extract the mermaid script inclusion to a blade component.\r\n\r\n```html\r\n<script type="module">\r\n	import mermaid from ''https://cdn.jsdelivr.net/npm/mermaid@10/dist/mermaid.esm.min.mjs'';\r\n	mermaid.initialize({ startOnLoad: true, theme: ''dark'' });\r\n</script>\r\n```\r\n\r\n```blade\r\n<x-mermaid-include />\r\n```','\r',char(13)),'\n',char(10)),'Additional comments',NULL);
INSERT INTO worknotes VALUES(42,'2023-04-04 13:25:37','2023-04-04 13:25:37',18,1,0,replace(replace('Add a replacement of `language-mermaid` with `mermaid` in the mark method.\r\n\r\n```php\r\n$text = str_replace("language-mermaid", "mermaid", $text);\r\n```','\r',char(13)),'\n',char(10)),'Additional comments',NULL);
INSERT INTO worknotes VALUES(43,'2023-04-04 13:26:49','2023-04-04 13:26:49',18,1,0,'Previous comment highlights a bug. The text to be replaced was actually language - mermaid. Because of this replacement, it was also replaced in this journal now :)','Additional comments',NULL);
INSERT INTO worknotes VALUES(44,'2023-04-04 13:28:45','2023-04-04 13:28:45',18,1,0,'test of writing language-mermaid in a journal','Additional comments',NULL);
INSERT INTO worknotes VALUES(45,'2023-04-04 13:28:52','2023-04-04 13:28:52',18,1,0,'ok bug fixed','Additional comments',NULL);
INSERT INTO worknotes VALUES(46,'2023-04-04 13:29:52','2023-04-04 13:29:52',19,1,0,NULL,'Field changes','[["category","Enterprise Systems",null],["subcategory","Feature request",null],["businessservice_id","1",null],["configurationitem_id","1",null],["impact","4","4 - Minor\/Localized"],["urgency","4","4 - Low"],["priority",null,"Low (P4)"],["owner_group","3",null],["assignment_group","1",null],["assigned_to","1",null],["short_description","Be able to reference another ticket simply by the ticket number.",null],["description","For example INC00001 should create a link to that ticket.",null],["active","1",0]]');
INSERT INTO worknotes VALUES(47,'2023-04-04 13:29:52','2023-04-04 13:29:52',19,1,1,'For example INC00001 should create a link to that ticket.','Work notes (only visible to IT)',NULL);
INSERT INTO worknotes VALUES(48,'2023-04-04 13:30:47','2023-04-04 13:30:47',18,1,0,replace(replace('Because of this new feature, can the Diagram journal option be retired and replaced by mermaid code block in addl comments or work notes?\r\n\r\n```mermaid\r\ngraph TD;\r\n      A-->B;\r\n      A-->C;\r\n      B-->D;\r\n      C-->D;\r\n```','\r',char(13)),'\n',char(10)),'Additional comments',NULL);
INSERT INTO worknotes VALUES(49,'2023-04-04 13:30:58','2023-04-04 13:30:58',18,1,0,'Yep confirmed, will remove it now.','Additional comments',NULL);
INSERT INTO worknotes VALUES(50,'2023-04-04 13:32:25','2023-04-04 13:32:25',18,1,0,'Updated to work as a general work note in INC00019.','Additional comments',NULL);
INSERT INTO worknotes VALUES(51,'2023-04-04 13:32:32','2023-04-04 13:32:32',18,1,0,NULL,'Field changes','[["status","Resolved","New"]]');
INSERT INTO worknotes VALUES(52,'2023-04-04 13:32:59','2023-04-04 13:32:59',12,1,0,NULL,'Field changes','[["priority",null,"Low (P4)"]]');
INSERT INTO worknotes VALUES(53,'2023-04-04 13:32:59','2023-04-04 13:32:59',12,1,0,'Updated to work as a general work note in INC00019.','Additional comments',NULL);
INSERT INTO worknotes VALUES(54,'2023-04-04 13:33:37','2023-04-04 13:33:37',20,1,0,NULL,'Field changes','[["category","Enterprise Systems",null],["subcategory","Feature request",null],["businessservice_id","1",null],["configurationitem_id","1",null],["impact","4","4 - Minor\/Localized"],["urgency","4","4 - Low"],["priority",null,"Low (P4)"],["owner_group","3",null],["assignment_group","1",null],["assigned_to","1",null],["short_description","Show ticket number in page title",null],["active","1",0]]');
INSERT INTO worknotes VALUES(55,'2023-04-04 13:39:54','2023-04-04 13:39:54',18,1,0,replace(replace('```mermaid\r\nflowchart LR\r\n    id1[This is the text in the box]\r\n```','\r',char(13)),'\n',char(10)),'Additional comments',NULL);
INSERT INTO worknotes VALUES(56,'2023-04-04 13:40:21','2023-04-04 13:40:21',18,1,0,replace(replace('```mermaid\r\nflowchart LR\r\n    Start --> Stop\r\n```','\r',char(13)),'\n',char(10)),'Additional comments',NULL);
INSERT INTO worknotes VALUES(57,'2023-04-04 13:41:19','2023-04-04 13:41:19',18,1,0,NULL,'Field changes','[["status","In progress","Resolved"]]');
INSERT INTO worknotes VALUES(58,'2023-04-04 13:41:19','2023-04-04 13:41:19',18,1,0,'It works now on articles but when editing and then switching to view, the rendering stops. Need to re-render it on an update.','Additional comments',NULL);
INSERT INTO worknotes VALUES(59,'2023-04-04 20:31:51','2023-04-04 20:31:51',18,1,0,'Need to trigger a re-render from Mermaid, not sure how to do that yet.','Additional comments',NULL);
INSERT INTO worknotes VALUES(60,'2023-04-21 07:48:54','2023-04-21 07:48:54',21,1,0,NULL,'Field changes','[["category","Enterprise Systems",null],["subcategory","Feature request",null],["businessservice_id","1",null],["configurationitem_id","1",null],["impact","3","4 - Minor\/Localized"],["urgency","3","4 - Low"],["priority",null,"Low (P4)"],["owner_group","1",null],["assignment_group","1",null],["assigned_to","1",null],["short_description","Can we have an epic\/rare quality system for tickets? Legendary for P1 etc",null],["active","1",0]]');
INSERT INTO worknotes VALUES(61,'2023-04-21 07:49:43','2023-04-21 07:49:43',22,1,0,NULL,'Field changes','[["category","Enterprise Systems",null],["subcategory","Feature request",null],["businessservice_id","1",null],["configurationitem_id","1",null],["impact","3","4 - Minor\/Localized"],["urgency","3","4 - Low"],["priority",null,"Low (P4)"],["owner_group","1",null],["assignment_group","1",null],["assigned_to","1",null],["short_description","Ticket tooltip hover box which can be used in multiple please, e.g. in a ticket list",null],["active","1",0]]');
INSERT INTO worknotes VALUES(62,'2023-04-21 07:50:14','2023-04-21 07:50:14',23,1,0,NULL,'Field changes','[["category","Enterprise Systems",null],["subcategory","Feature request",null],["businessservice_id","1",null],["configurationitem_id","1",null],["impact","3","4 - Minor\/Localized"],["urgency","3","4 - Low"],["priority",null,"Low (P4)"],["owner_group","1",null],["assignment_group","1",null],["assigned_to","1",null],["short_description","Toolbar at bottom with keyboard shortcuts and icons for quick actions?",null],["active","1",0]]');
INSERT INTO worknotes VALUES(63,'2023-04-21 08:11:07','2023-04-21 08:11:07',24,1,0,NULL,'Field changes','[["impact",null,"4 - Minor\/Localized"],["urgency",null,"4 - Low"],["priority",null,"Low (P4)"],["short_description","Be able to search for, attach and mention KB articles in any work note or addl comment.",null],["active","1",0]]');
INSERT INTO worknotes VALUES(64,'2023-04-21 08:11:23','2023-04-21 08:11:23',24,1,0,NULL,'Field changes','[["category","Enterprise Systems",null],["subcategory","Feature request",null],["businessservice_id","1",null],["configurationitem_id","1",null],["impact","3",null],["urgency","3",null],["owner_group","1",null],["assignment_group","1",null],["assigned_to","1",null]]');
INSERT INTO worknotes VALUES(65,'2023-04-21 11:43:05','2023-04-21 11:43:05',27,1,0,NULL,'Field changes','[["category","Enterprise Systems",null],["subcategory","Feature request",null],["businessservice_id","3",null],["configurationitem_id","7",null],["impact","3","4 - Minor\/Localized"],["urgency","3","4 - Low"],["priority",null,"Low (P4)"],["owner_group","3",null],["assignment_group","3",null],["assigned_to","1",null],["short_description","Define the Company branding profile",null],["active","1",0]]');
INSERT INTO worknotes VALUES(66,'2023-04-21 11:44:52','2023-04-21 11:44:52',27,1,0,'Please use article {{ Branding }} for this.','Additional comments',NULL);
INSERT INTO worknotes VALUES(67,'2023-04-24 13:10:41','2023-04-24 13:10:41',28,1,0,NULL,'Field changes','[["impact",null,"4 - Minor\/Localized"],["urgency",null,"4 - Low"],["priority",null,"Low (P4)"],["active","1",0]]');
INSERT INTO worknotes VALUES(68,'2023-04-24 19:31:04','2023-04-24 19:31:04',4,1,0,NULL,'Field changes','[["priority",null,"High (P2)"]]');
INSERT INTO worknotes VALUES(69,'2023-04-24 19:31:04','2023-04-24 19:31:04',4,1,0,'The button itself has been added to the page, logic is missing.','Additional comments',NULL);
INSERT INTO worknotes VALUES(70,'2023-04-24 19:31:50','2023-04-24 19:31:50',4,1,0,NULL,'Field changes','[["status","In progress","New"]]');
INSERT INTO worknotes VALUES(71,'2023-04-24 20:48:53','2023-04-24 20:48:53',14,1,0,NULL,'Field changes','[["status","New","In progress"]]');
INSERT INTO worknotes VALUES(72,'2023-04-24 20:49:04','2023-04-24 20:49:04',17,1,0,NULL,'Field changes','[["status","New","In progress"]]');
INSERT INTO worknotes VALUES(73,'2023-04-24 20:49:20','2023-04-24 20:49:20',18,1,0,NULL,'Field changes','[["status","On hold","In progress"]]');
INSERT INTO worknotes VALUES(74,'2023-04-24 20:51:34','2023-04-24 20:51:34',5,1,0,NULL,'Field changes','[["status","In progress","On hold"]]');
INSERT INTO worknotes VALUES(75,'2023-04-24 20:52:13','2023-04-24 20:52:13',5,1,1,replace(replace('In progress.. \r\nCustom lists are now possible, and can be accessed to the left. However, new ones cannot yet be created and existing ones cannot be modified.','\r',char(13)),'\n',char(10)),'Work notes (only visible to IT)',NULL);
INSERT INTO worknotes VALUES(76,'2023-04-24 20:52:31','2023-04-24 20:52:31',5,1,0,NULL,'Field changes','[["status","On hold","In progress"]]');
INSERT INTO worknotes VALUES(77,'2023-04-24 21:10:08','2023-04-24 21:10:08',4,1,0,NULL,'Field changes','[["status","Resolved","In progress"]]');
INSERT INTO worknotes VALUES(78,'2023-04-24 21:10:08','2023-04-24 21:10:08',4,1,0,replace(replace('Logic has been added.\r\nClicking *Save* now saves the incident and stays on the incident.\r\nClicking *Update* now saves the incident and returns to the last used view.','\r',char(13)),'\n',char(10)),'Additional comments',NULL);
INSERT INTO worknotes VALUES(79,'2023-04-24 21:11:21','2023-04-24 21:11:21',28,1,0,NULL,'Field changes','[["category","Enterprise Systems",null],["subcategory","Feature request",null],["businessservice_id","1",null],["configurationitem_id","1",null],["impact","3",null],["urgency","3",null],["owner_group","1",null],["assignment_group","1",null],["assigned_to","1",null],["short_description","Add a counter of the number of incidents shown in a view",null]]');
INSERT INTO worknotes VALUES(80,'2023-04-24 21:16:21','2023-04-24 21:16:21',28,1,0,NULL,'Field changes','[["status","In progress","New"]]');
INSERT INTO worknotes VALUES(81,'2023-04-24 21:16:49','2023-04-24 21:16:49',28,1,0,NULL,'Field changes','[["status","Resolved","In progress"]]');
INSERT INTO worknotes VALUES(82,'2023-04-24 21:16:49','2023-04-24 21:16:49',28,1,0,'Added.','Additional comments',NULL);
INSERT INTO worknotes VALUES(83,'2023-04-24 21:56:19','2023-04-24 21:56:19',29,1,0,NULL,'Field changes','[["impact",null,"4 - Minor\/Localized"],["urgency",null,"4 - Low"],["priority",null,"Low (P4)"],["short_description","Mobile view is unusable",null],["active","1",0]]');
INSERT INTO worknotes VALUES(84,'2023-04-24 21:57:49','2023-04-24 21:57:49',29,1,0,NULL,'Field changes','[["status","In progress","New"],["impact","1",null],["urgency","1",null],["owner_group","1",null],["assignment_group","1",null],["assigned_to","1",null]]');
INSERT INTO worknotes VALUES(85,'2023-04-25 05:59:22','2023-04-25 05:59:22',30,1,0,NULL,'Field changes','[["impact",null,"4 - Minor\/Localized"],["urgency",null,"4 - Low"],["priority",null,"Low (P4)"],["short_description","Need the ability to upload files to a ticket",null],["active","1",0]]');
INSERT INTO worknotes VALUES(86,'2023-04-25 05:59:49','2023-04-25 05:59:49',31,1,0,NULL,'Field changes','[["impact",null,"4 - Minor\/Localized"],["urgency",null,"4 - Low"],["priority",null,"Low (P4)"],["short_description","Need to enforce required fields when updating\/saving a ticket",null],["active","1",0]]');
INSERT INTO worknotes VALUES(87,'2023-04-25 06:06:24','2023-04-25 06:06:24',32,1,0,NULL,'Field changes','[["impact",null,"4 - Minor\/Localized"],["urgency",null,"4 - Low"],["priority",null,"Low (P4)"],["short_description","Clicking \"create incident\" should be a link,not a button. this way it can be clicked into a new tab etc",null],["active","1",0]]');
INSERT INTO worknotes VALUES(88,'2023-04-25 06:06:50','2023-04-25 06:06:50',30,1,0,NULL,'Field changes','[["category","Enterprise Systems",null],["subcategory","Feature request",null],["businessservice_id","1",null],["configurationitem_id","1",null],["impact","3",null],["urgency","3",null],["owner_group","1",null],["assignment_group","1",null],["assigned_to","1",null]]');
INSERT INTO worknotes VALUES(89,'2023-04-25 06:07:16','2023-04-25 06:07:16',33,1,0,NULL,'Field changes','[["impact",null,"4 - Minor\/Localized"],["urgency",null,"4 - Low"],["priority",null,"Low (P4)"],["short_description","incident templates",null],["active","1",0]]');
INSERT INTO worknotes VALUES(90,'2023-04-25 06:07:37','2023-04-25 06:07:37',31,1,0,NULL,'Field changes','[["category","Enterprise Systems",null],["subcategory","Feature request",null],["businessservice_id","1",null],["configurationitem_id","1",null],["impact","3",null],["urgency","3",null],["owner_group","1",null],["assignment_group","1",null],["assigned_to","1",null]]');
INSERT INTO worknotes VALUES(91,'2023-04-25 06:07:59','2023-04-25 06:07:59',32,1,0,NULL,'Field changes','[["category","Enterprise Systems",null],["subcategory","Feature request",null],["businessservice_id","1",null],["configurationitem_id","1",null],["impact","4",null],["urgency","4",null],["owner_group","1",null],["assignment_group","1",null],["assigned_to","1",null]]');
INSERT INTO worknotes VALUES(92,'2023-04-25 06:08:15','2023-04-25 06:08:15',33,1,0,NULL,'Field changes','[["category","Enterprise Systems",null],["subcategory","Feature request",null],["businessservice_id","1",null],["configurationitem_id","1",null],["impact","4",null],["urgency","4",null],["owner_group","1",null],["assignment_group","1",null],["assigned_to","1",null]]');
INSERT INTO worknotes VALUES(93,'2023-04-25 06:09:35','2023-04-25 06:09:35',34,1,0,NULL,'Field changes','[["category","Enterprise Systems",null],["subcategory","Feature request",null],["businessservice_id","1",null],["configurationitem_id","1",null],["impact","4","4 - Minor\/Localized"],["urgency","4","4 - Low"],["priority",null,"Low (P4)"],["owner_group","1",null],["assignment_group","1",null],["assigned_to","1",null],["short_description","Activity stream",null],["active","1",0]]');
INSERT INTO worknotes VALUES(94,'2023-04-25 06:29:11','2023-04-25 06:29:11',35,1,0,NULL,'Field changes','[["impact",null,"4 - Minor\/Localized"],["urgency",null,"4 - Low"],["priority",null,"Low (P4)"],["short_description","Add a quick settings cogwheeel to top bar",null],["active","1",0]]');
INSERT INTO worknotes VALUES(95,'2023-04-25 06:29:33','2023-04-25 06:29:33',35,1,0,NULL,'Field changes','[["category","Enterprise Systems",null],["subcategory","Feature request",null],["businessservice_id","1",null],["configurationitem_id","1",null],["status","In progress","New"],["impact","4",null],["urgency","4",null],["owner_group","1",null],["assignment_group","1",null],["assigned_to","1",null]]');
INSERT INTO worknotes VALUES(96,'2023-04-25 08:02:49','2023-04-25 08:02:49',41,1,0,NULL,'Field changes','[["category","Enterprise Systems",null],["subcategory","Feature request",null],["businessservice_id","1",null],["configurationitem_id","1",null],["impact","4","4 - Minor\/Localized"],["urgency","4","4 - Low"],["priority",null,"Low (P4)"],["owner_group","1",null],["assignment_group","1",null],["assigned_to","1",null],["short_description","When scrolling on right side, the left side looks weird. Maybe keep the top toolbar fixed\/sticky?",null],["active","1",0]]');
INSERT INTO worknotes VALUES(97,'2023-04-25 08:03:02','2023-04-25 08:03:02',29,1,0,NULL,'Field changes','[["status","New","In progress"]]');
INSERT INTO worknotes VALUES(98,'2023-05-02 13:20:42','2023-05-02 13:20:42',42,1,0,NULL,'Field changes','[["category","Enterprise Systems",null],["subcategory","Feature request",null],["businessservice_id","1",null],["configurationitem_id","1",null],["status","In progress","New"],["impact","4","4 - Minor\/Localized"],["urgency","2","4 - Low"],["priority",null,"Low (P4)"],["owner_group","1",null],["assignment_group","1",null],["assigned_to","1",null],["short_description","Change colors of work notes and addl comments. Make them brighter on light display, verify on dark",null],["active","1",0]]');
INSERT INTO worknotes VALUES(99,'2023-05-02 13:22:33','2023-05-02 13:22:33',42,1,1,'Work note gradient is currently: from-amber-400 to-amber-800','Work notes (only visible to IT)',NULL);
INSERT INTO worknotes VALUES(100,'2023-05-02 13:24:20','2023-05-02 13:24:20',42,1,1,'New is: from-amber-200 to-amber-500','Work notes (only visible to IT)',NULL);
INSERT INTO worknotes VALUES(101,'2023-05-02 13:25:08','2023-05-02 13:25:08',42,1,1,'Addl comments was: from-gray-500 to-gray-900','Work notes (only visible to IT)',NULL);
INSERT INTO worknotes VALUES(102,'2023-05-02 13:26:37','2023-05-02 13:26:37',42,1,1,'*New is*: from-gray-200 to-gray-500','Work notes (only visible to IT)',NULL);
INSERT INTO worknotes VALUES(103,'2023-05-02 13:27:18','2023-05-02 13:27:18',42,1,1,'Updated addl comments to *from-gray-200 to-gray-300*','Work notes (only visible to IT)',NULL);
INSERT INTO worknotes VALUES(104,'2023-05-02 15:34:13','2023-05-02 15:34:13',42,1,0,'test','Additional comments',NULL);
INSERT INTO worknotes VALUES(105,'2023-05-02 15:36:45','2023-05-02 15:36:45',35,1,0,'moo','Additional comments',NULL);
INSERT INTO worknotes VALUES(106,'2023-05-02 15:43:18','2023-05-02 15:43:18',35,1,0,'foo','Additional comments',NULL);
INSERT INTO worknotes VALUES(107,'2023-05-02 15:43:30','2023-05-02 15:43:30',42,1,0,'test','Additional comments',NULL);
INSERT INTO worknotes VALUES(108,'2023-05-02 15:43:52','2023-05-02 15:43:52',42,1,0,NULL,'Field changes','[["status","Resolved","In progress"]]');
INSERT INTO worknotes VALUES(109,'2023-05-02 15:43:52','2023-05-02 15:43:52',42,1,0,'**Resolved, colors updated.**','Additional comments',NULL);
INSERT INTO worknotes VALUES(110,'2023-05-02 15:47:25','2023-05-02 15:47:25',35,1,0,'Investigating which unicode character is a cog wheel to see whether it can be used for this.','Additional comments',NULL);
INSERT INTO worknotes VALUES(111,'2023-05-02 15:48:00','2023-05-02 15:48:00',35,1,0,'&#9881;','Additional comments',NULL);
INSERT INTO worknotes VALUES(112,'2023-05-02 15:48:14','2023-05-02 15:48:14',35,1,0,'That''s & # 9881;','Additional comments',NULL);
INSERT INTO worknotes VALUES(113,'2023-05-02 16:06:49','2023-05-02 16:06:49',35,1,0,'Cogwheeel added','Additional comments',NULL);
INSERT INTO worknotes VALUES(114,'2023-05-02 16:11:14','2023-05-02 16:11:14',35,1,0,NULL,'Field changes','[["status","On hold","In progress"]]');
INSERT INTO worknotes VALUES(115,'2023-05-02 16:11:14','2023-05-02 16:11:14',35,1,0,'On hold pending what functionality is required.','Additional comments',NULL);
INSERT INTO worknotes VALUES(116,'2023-05-02 16:16:25','2023-05-02 16:16:25',41,1,0,NULL,'Field changes','[["status","Resolved","New"]]');
INSERT INTO worknotes VALUES(117,'2023-05-02 16:16:25','2023-05-02 16:16:25',41,1,0,'Fixed','Additional comments',NULL);
INSERT INTO worknotes VALUES(118,'2023-05-02 16:16:52','2023-05-02 16:16:52',32,1,0,NULL,'Field changes','[["status","Resolved","New"]]');
INSERT INTO worknotes VALUES(119,'2023-05-02 16:16:52','2023-05-02 16:16:52',32,1,0,'Implemented.','Additional comments',NULL);
INSERT INTO worknotes VALUES(120,'2023-05-02 16:17:14','2023-05-02 16:17:14',27,1,0,NULL,'Field changes','[["status","In progress","New"]]');
INSERT INTO worknotes VALUES(121,'2023-05-02 16:17:26','2023-05-02 16:17:26',27,1,0,NULL,'Field changes','[["status","Resolved","In progress"]]');
INSERT INTO worknotes VALUES(122,'2023-05-02 16:17:26','2023-05-02 16:17:26',27,1,0,'Closed with reference to the article.','Additional comments',NULL);
INSERT INTO worknotes VALUES(123,'2023-05-02 16:17:51','2023-05-02 16:17:51',20,1,0,'WIP','Additional comments',NULL);
INSERT INTO worknotes VALUES(124,'2023-05-02 16:30:27','2023-05-02 16:30:27',20,1,0,NULL,'Field changes','[["status","In progress","New"]]');
INSERT INTO worknotes VALUES(125,'2023-05-02 16:30:35','2023-05-02 16:30:35',20,1,0,NULL,'Field changes','[["status","Resolved","In progress"]]');
INSERT INTO worknotes VALUES(126,'2023-05-02 16:30:35','2023-05-02 16:30:35',20,1,0,'Implemented.','Additional comments',NULL);
INSERT INTO worknotes VALUES(127,'2023-05-02 22:24:47','2023-05-02 22:24:47',3,1,0,NULL,'Field changes','[["priority",null,"Medium (P3)"]]');
INSERT INTO worknotes VALUES(128,'2023-05-03 12:52:11','2023-05-03 12:52:11',43,1,0,NULL,'Field changes','[["category","Enterprise Systems",null],["subcategory","Feature request",null],["businessservice_id","1",null],["configurationitem_id","1",null],["impact","4","4 - Minor\/Localized"],["urgency","4","4 - Low"],["priority",null,"Low (P4)"],["owner_group","1",null],["assignment_group","1",null],["assigned_to","1",null],["short_description","Increase incident length by 1",null],["active","1",0]]');
INSERT INTO worknotes VALUES(129,'2023-05-03 12:52:24','2023-05-03 12:52:24',43,1,0,NULL,'Field changes','[["status","In progress","New"]]');
INSERT INTO worknotes VALUES(130,'2023-05-03 12:52:24','2023-05-03 12:52:24',43,1,0,'WIP','Additional comments',NULL);
INSERT INTO worknotes VALUES(131,'2023-05-03 12:55:20','2023-05-03 12:55:20',43,1,1,replace(replace('Code changes:\r\n```php\r\n// In App\Models\Ticket, class\r\n  const LENGTH = 6;\r\n\r\npublic function identifier()\r\n	{\r\n		return Ticket::PREFIX . Str::padLeft($this->id, static::LENGTH, ''0'');\r\n	}','\r',char(13)),'\n',char(10)),'Work notes (only visible to IT)',NULL);
INSERT INTO worknotes VALUES(132,'2023-05-03 12:56:20','2023-05-03 12:56:20',43,1,0,NULL,'Field changes','[["short_description","Enable modification of length of ticket identifier","Increase incident length by 1"]]');
INSERT INTO worknotes VALUES(133,'2023-05-03 12:56:45','2023-05-03 12:56:45',43,1,0,NULL,'Field changes','[["status","Resolved","In progress"]]');
INSERT INTO worknotes VALUES(134,'2023-05-03 12:56:45','2023-05-03 12:56:45',43,1,0,'Implemented.','Additional comments',NULL);
INSERT INTO worknotes VALUES(135,'2023-05-03 12:58:53','2023-05-03 12:58:53',44,1,0,NULL,'Field changes','[["category","Enterprise Systems",null],["subcategory","Feature request",null],["businessservice_id","1",null],["configurationitem_id","1",null],["impact","4","4 - Minor\/Localized"],["urgency","4","4 - Low"],["priority",null,"Low (P4)"],["assignment_group","1",null],["assigned_to","1",null],["short_description","Implement SLAs",null],["active","1",0]]');
INSERT INTO worknotes VALUES(136,'2023-05-03 13:02:48','2023-05-03 13:02:48',30,1,0,NULL,'Field changes','[["short_description","Implement file uploads","Need the ability to upload files to a ticket"]]');
INSERT INTO worknotes VALUES(137,'2023-05-03 13:02:54','2023-05-03 13:02:54',33,1,0,NULL,'Field changes','[["short_description","Implement incident templates","incident templates"]]');
INSERT INTO worknotes VALUES(138,'2023-05-03 13:03:03','2023-05-03 13:03:03',31,1,0,NULL,'Field changes','[["short_description","Implement enforcement of required fields when updating\/saving a ticket","Need to enforce required fields when updating\/saving a ticket"]]');
INSERT INTO worknotes VALUES(139,'2023-05-03 13:03:24','2023-05-03 13:03:24',24,1,0,NULL,'Field changes','[["status","In progress","New"]]');
INSERT INTO worknotes VALUES(140,'2023-05-03 13:03:24','2023-05-03 13:03:24',24,1,0,'WIP','Additional comments',NULL);
INSERT INTO worknotes VALUES(141,'2023-05-03 13:03:49','2023-05-03 13:03:49',45,1,0,NULL,'Field changes','[["category","Enterprise Systems",null],["subcategory","Feature request",null],["businessservice_id","1",null],["configurationitem_id","1",null],["impact","4","4 - Minor\/Localized"],["urgency","4","4 - Low"],["priority",null,"Low (P4)"],["assignment_group","1",null],["assigned_to","1",null],["short_description","Implement a post button after worknote\/addl comment",null],["active","1",0]]');
INSERT INTO worknotes VALUES(142,'2023-05-03 13:04:00','2023-05-03 13:04:00',45,1,0,NULL,'Field changes','[["status","In progress","New"]]');
INSERT INTO worknotes VALUES(143,'2023-05-03 13:04:00','2023-05-03 13:04:00',45,1,0,'WIP','Additional comments',NULL);
INSERT INTO worknotes VALUES(144,'2023-05-03 13:08:07','2023-05-03 13:08:07',45,1,0,'test','Additional comments',NULL);
INSERT INTO worknotes VALUES(145,'2023-05-03 13:08:40','2023-05-03 13:08:40',45,1,0,'another test','Additional comments',NULL);
INSERT INTO worknotes VALUES(146,'2023-05-03 13:09:23','2023-05-03 13:09:23',45,1,0,NULL,'Field changes','[["status","Resolved","In progress"]]');
INSERT INTO worknotes VALUES(147,'2023-05-03 13:09:23','2023-05-03 13:09:23',45,1,0,'Implemented, works fine.','Additional comments',NULL);
INSERT INTO worknotes VALUES(148,'2023-05-03 13:09:23','2023-05-03 13:09:23',45,1,1,replace(replace('Added this code in the tickets/show.blade.php:\r\n\r\n```php\r\n					<div class="mt-5 dark:text-white col-start-2 col-end-5 w-full text-right">\r\n						<x-primary-button formaction="/tickets/{{ $ticket->id }}/save">Post</x-primary-button>\r\n					</div>\r\n\r\n```','\r',char(13)),'\n',char(10)),'Work notes (only visible to IT)',NULL);
INSERT INTO worknotes VALUES(149,'2023-05-03 13:11:01','2023-05-03 13:11:01',24,1,0,'❓','Additional comments',NULL);
INSERT INTO worknotes VALUES(150,'2023-05-03 13:11:15','2023-05-03 13:11:15',24,1,0,'🔍','Additional comments',NULL);
INSERT INTO worknotes VALUES(151,'2023-05-03 13:11:36','2023-05-03 13:11:36',24,1,0,'& # 128269;','Additional comments',NULL);
INSERT INTO worknotes VALUES(152,'2023-05-03 13:13:03','2023-05-03 13:13:03',46,1,0,NULL,'Field changes','[["category","Enterprise Systems",null],["subcategory","Feature request",null],["businessservice_id","1",null],["configurationitem_id","3",null],["impact","4","4 - Minor\/Localized"],["urgency","4","4 - Low"],["priority",null,"Low (P4)"],["assignment_group","1",null],["assigned_to","1",null],["short_description","Implement different color in activity stream for addl comments and field changes",null],["active","1",0]]');
INSERT INTO worknotes VALUES(153,'2023-05-03 13:13:22','2023-05-03 13:13:22',46,1,0,'test','Additional comments',NULL);
INSERT INTO worknotes VALUES(154,'2023-05-03 13:13:22','2023-05-03 13:13:22',46,1,1,'test2','Work notes (only visible to IT)',NULL);
INSERT INTO worknotes VALUES(155,'2023-05-03 13:13:32','2023-05-03 13:13:32',46,1,0,NULL,'Field changes','[["urgency","2","4"]]');
INSERT INTO worknotes VALUES(156,'2023-05-03 13:13:32','2023-05-03 13:13:32',46,1,0,'moof','Additional comments',NULL);
INSERT INTO worknotes VALUES(157,'2023-05-03 13:34:26','2023-05-03 13:34:26',24,1,0,'Added a 🔍 to the navigation pane.','Additional comments',NULL);
INSERT INTO worknotes VALUES(158,'2023-05-03 13:34:51','2023-05-03 13:34:51',47,1,0,NULL,'Field changes','[["impact",null,"4 - Minor\/Localized"],["urgency",null,"4 - Low"],["priority",null,"Low (P4)"],["short_description","Implement clicking Post button to jump down to activity stream",null],["active","1",0]]');
INSERT INTO worknotes VALUES(159,'2023-05-03 13:36:11','2023-05-03 13:36:11',47,1,0,NULL,'Field changes','[["category","Enterprise Systems",null],["subcategory","Feature request",null],["businessservice_id","1",null],["configurationitem_id","1",null],["impact","4",null],["urgency","4",null],["assignment_group","1",null],["assigned_to","1",null]]');
INSERT INTO worknotes VALUES(160,'2023-05-03 13:36:33','2023-05-03 13:36:33',48,1,0,NULL,'Field changes','[["impact",null,"4 - Minor\/Localized"],["urgency",null,"4 - Low"],["priority",null,"Low (P4)"],["short_description","Implement Requests",null],["active","1",0]]');
INSERT INTO worknotes VALUES(161,'2023-05-03 13:36:44','2023-05-03 13:36:44',49,1,0,NULL,'Field changes','[["impact",null,"4 - Minor\/Localized"],["urgency",null,"4 - Low"],["priority",null,"Low (P4)"],["short_description","Implement a self-service portal",null],["active","1",0]]');
INSERT INTO worknotes VALUES(162,'2023-05-03 13:40:50','2023-05-03 13:40:50',47,1,0,'test','Additional comments',NULL);
INSERT INTO worknotes VALUES(163,'2023-05-03 13:44:06','2023-05-03 13:44:06',47,1,0,'test','Additional comments',NULL);
INSERT INTO worknotes VALUES(164,'2023-05-03 13:44:18','2023-05-03 13:44:18',47,1,0,'test','Additional comments',NULL);
INSERT INTO worknotes VALUES(165,'2023-05-03 13:45:10','2023-05-03 13:45:10',47,1,0,'test','Additional comments',NULL);
INSERT INTO worknotes VALUES(166,'2023-05-03 13:45:50','2023-05-03 13:45:50',47,1,0,'test','Additional comments',NULL);
INSERT INTO worknotes VALUES(167,'2023-05-03 13:46:44','2023-05-03 13:46:44',47,1,0,NULL,'Field changes','[["status","In progress","New"]]');
INSERT INTO worknotes VALUES(168,'2023-05-03 13:46:44','2023-05-03 13:46:44',47,1,0,'Implemented by directing the post button to a new class method and then redirecting that to jump down on the page.','Additional comments',NULL);
INSERT INTO worknotes VALUES(169,'2023-05-03 13:46:56','2023-05-03 13:46:56',47,1,0,NULL,'Field changes','[["status","Resolved","In progress"]]');
INSERT INTO worknotes VALUES(170,'2023-05-03 13:46:56','2023-05-03 13:46:56',47,1,0,'Implemented.','Additional comments',NULL);
INSERT INTO worknotes VALUES(171,'2023-05-03 13:47:37','2023-05-03 13:47:37',19,1,0,NULL,'Field changes','[["status","In progress","New"]]');
INSERT INTO worknotes VALUES(172,'2023-05-03 13:47:37','2023-05-03 13:47:37',19,1,0,'WIP','Additional comments',NULL);
INSERT INTO worknotes VALUES(173,'2023-05-03 13:47:55','2023-05-03 13:47:55',46,1,0,NULL,'Field changes','[["status","In progress","New"]]');
INSERT INTO worknotes VALUES(174,'2023-05-03 13:47:55','2023-05-03 13:47:55',46,1,0,'WIP','Additional comments',NULL);
INSERT INTO worknotes VALUES(175,'2023-05-03 14:12:54','2023-05-03 14:12:54',50,1,0,NULL,'Field changes','[["category","Enterprise Systems",null],["subcategory","Bug",null],["businessservice_id","1",null],["configurationitem_id","1",null],["impact",null,"4 - Minor\/Localized"],["urgency",null,"4 - Low"],["priority",null,"Low (P4)"],["assignment_group","1",null],["assigned_to","1",null],["short_description","requester has ended up in the wrong place now, needs to be below number on the left side",null],["active","1",0]]');
INSERT INTO worknotes VALUES(176,'2023-05-03 14:14:32','2023-05-03 14:14:32',50,1,0,NULL,'Field changes','[["status","Resolved","New"]]');
INSERT INTO worknotes VALUES(177,'2023-05-03 14:14:32','2023-05-03 14:14:32',50,1,0,'Moved things around, resolved.','Additional comments',NULL);
INSERT INTO worknotes VALUES(178,'2023-05-04 13:45:37','2023-05-04 13:45:37',51,1,0,NULL,'Field changes','[["category","Enterprise Systems",null],["subcategory","Feature request",null],["businessservice_id","1",null],["configurationitem_id","1",null],["impact","4","4 - Minor\/Localized"],["urgency","4","4 - Low"],["priority",null,"Low (P4)"],["assignment_group","1",null],["assigned_to","1",null],["short_description","Implement smaller font size in Views",null],["active","1",0]]');
INSERT INTO worknotes VALUES(179,'2023-05-04 13:45:49','2023-05-04 13:45:49',51,1,0,NULL,'Field changes','[["status","In progress","New"]]');
INSERT INTO worknotes VALUES(180,'2023-05-04 13:45:49','2023-05-04 13:45:49',51,1,0,'WIP','Additional comments',NULL);
INSERT INTO worknotes VALUES(181,'2023-05-04 13:48:07','2023-05-04 13:48:07',51,1,0,NULL,'Field changes','[["status","Resolved","In progress"]]');
INSERT INTO worknotes VALUES(182,'2023-05-04 13:48:07','2023-05-04 13:48:07',51,1,0,replace(replace('Implementation complete.\r\nFont size changed:\r\nFrom: *base*\r\nTo: *xs*','\r',char(13)),'\n',char(10)),'Additional comments',NULL);
INSERT INTO worknotes VALUES(183,'2023-05-04 13:48:56','2023-05-04 13:48:56',46,1,0,NULL,'Field changes','[["status","Resolved","In progress"]]');
INSERT INTO worknotes VALUES(184,'2023-05-04 13:48:56','2023-05-04 13:48:56',46,1,0,'**Implemented**','Additional comments',NULL);
INSERT INTO worknotes VALUES(185,'2023-05-04 13:50:27','2023-05-04 13:50:27',19,1,0,replace(replace('Testing: INC0000019\r\nAnd another test is INC0000024 with some text after.','\r',char(13)),'\n',char(10)),'Additional comments',NULL);
INSERT INTO worknotes VALUES(186,'2023-05-04 13:50:27','2023-05-04 13:50:27',19,1,1,replace(replace('Testing: INC0000019\r\nAnd another test is INC0000024 with some text after.','\r',char(13)),'\n',char(10)),'Work notes (only visible to IT)',NULL);
INSERT INTO worknotes VALUES(187,'2023-05-04 13:52:30','2023-05-04 13:52:30',19,1,0,'This will be implemented in Article::mark','Additional comments',NULL);
INSERT INTO worknotes VALUES(188,'2023-05-04 14:52:09','2023-05-04 14:52:09',19,1,0,'Implemented.','Additional comments',NULL);
INSERT INTO worknotes VALUES(189,'2023-05-04 14:52:09','2023-05-04 14:52:09',19,1,1,replace(replace('Code used:\r\n```php\r\n$text = preg_replace(''/(INC)(\w+)/'', ''<a href="/tickets/$2">INC$2</a>'', $text);\r\n```','\r',char(13)),'\n',char(10)),'Work notes (only visible to IT)',NULL);
INSERT INTO worknotes VALUES(190,'2023-05-04 14:52:19','2023-05-04 14:52:19',19,1,0,NULL,'Field changes','[["status","Resolved","In progress"]]');
INSERT INTO worknotes VALUES(191,'2023-05-05 13:37:51','2023-05-05 13:37:51',52,1,0,NULL,'Field changes','[["category","Enterprise Systems",null],["subcategory","Feature request",null],["businessservice_id","1",null],["configurationitem_id","1",null],["impact",null,"4 - Minor\/Localized"],["urgency",null,"4 - Low"],["priority",null,"Low (P4)"],["assignment_group","1",null],["assigned_to","1",null],["short_description","If a ticket has unsaved info, prevent navigating away",null],["active","1",0]]');
INSERT INTO worknotes VALUES(192,'2023-05-05 13:39:11','2023-05-05 13:39:11',1,1,0,NULL,'Field changes','[["status","In progress","Resolved"]]');
INSERT INTO worknotes VALUES(193,'2023-05-05 13:39:11','2023-05-05 13:39:11',1,1,0,'Work notes and additional information was solved but short description is not rendering markdown yet. Re-opened.','Additional comments',NULL);
INSERT INTO worknotes VALUES(194,'2023-05-05 13:43:11','2023-05-05 13:43:11',53,1,0,NULL,'Field changes','[["category","Enterprise Systems",null],["subcategory","Feature request",null],["businessservice_id","1",null],["configurationitem_id","1",null],["impact",null,"4 - Minor\/Localized"],["urgency",null,"4 - Low"],["priority",null,"Low (P4)"],["assignment_group","1",null],["assigned_to","1",null],["short_description","Implement new buttons at the top.",null],["active","1",0]]');
INSERT INTO worknotes VALUES(195,'2023-05-05 13:43:11','2023-05-05 13:43:11',53,1,0,replace(replace('1. if status is either new or in progress, show buttons:\r\n  1. "On Hold" which will change status to On Hold, but only if an additional comment has been entered.\r\n  2. "Resolve" which will change status to Resolved, but only if an additional comment has been entered.\r\n2. if status is "On hold", show button:\r\n  1. "Resume" which will change status to In Progress.','\r',char(13)),'\n',char(10)),'Additional comments',NULL);
INSERT INTO worknotes VALUES(196,'2023-05-05 13:43:43','2023-05-05 13:43:43',53,1,0,NULL,'Field changes','[["impact","4",null],["urgency","4",null]]');
INSERT INTO worknotes VALUES(197,'2023-05-05 13:44:46','2023-05-05 13:44:46',17,1,0,NULL,'Field changes','[["status","In progress","New"]]');
INSERT INTO worknotes VALUES(198,'2023-05-05 13:44:46','2023-05-05 13:44:46',17,1,0,'WIP','Additional comments',NULL);
INSERT INTO worknotes VALUES(199,'2023-05-05 13:47:02','2023-05-05 13:47:02',17,1,1,replace(replace('1. Need to detect when we type @ in a work note\r\n2. popup a list of users. the list can be navigated by key or clicked\r\n3. selecting a user in the list will pop their name after the @.\r\n4. saving this worknote will trigger a notification to the tagged user(s). don''t forget to check for all tags.','\r',char(13)),'\n',char(10)),'Work notes (only visible to IT)',NULL);
INSERT INTO worknotes VALUES(200,'2023-05-05 14:43:04','2023-05-05 14:43:04',17,1,1,'dffdf @Joakim Saettem-Mucsi','Work notes (only visible to IT)',NULL);
INSERT INTO worknotes VALUES(201,'2023-05-05 14:44:57','2023-05-05 14:44:57',17,1,1,'dffdf @Joakim Saettem-Mucsi','Work notes (only visible to IT)',NULL);
INSERT INTO worknotes VALUES(202,'2023-05-05 14:45:04','2023-05-05 14:45:04',17,1,1,'dffdf @Joakim Saettem-Mucsi @Andrea Saettem-Mucsi','Work notes (only visible to IT)',NULL);
INSERT INTO worknotes VALUES(203,'2023-05-05 14:45:26','2023-05-05 14:45:26',17,1,1,'@Joakim Saettem-Mucsi @Andrea Saettem-Mucsi','Work notes (only visible to IT)',NULL);
INSERT INTO worknotes VALUES(204,'2023-05-05 15:00:04','2023-05-05 15:00:04',17,1,0,'hello there','Additional comments',NULL);
INSERT INTO worknotes VALUES(205,'2023-05-05 15:00:04','2023-05-05 15:00:04',17,1,1,'@Joakim Saettem-Mucsi check it out','Work notes (only visible to IT)',NULL);
INSERT INTO worknotes VALUES(206,'2023-05-05 15:00:22','2023-05-05 15:00:22',17,1,0,'hello there','Additional comments',NULL);
INSERT INTO worknotes VALUES(207,'2023-05-05 15:00:22','2023-05-05 15:00:22',17,1,1,'@Joakim Saettem-Mucsi check it out','Work notes (only visible to IT)',NULL);
INSERT INTO worknotes VALUES(208,'2023-05-05 15:00:43','2023-05-05 15:00:43',17,1,1,'@Andrea Saettem-Mucsi','Work notes (only visible to IT)',NULL);
INSERT INTO worknotes VALUES(209,'2023-05-05 15:03:30','2023-05-05 15:03:30',55,1,0,NULL,'Field changes','[["category","Enterprise Systems",null],["subcategory","Feature request",null],["businessservice_id","1",null],["configurationitem_id","1",null],["impact","4","4 - Minor\/Localized"],["urgency","4","4 - Low"],["priority",null,"Low (P4)"],["owner_group","1",null],["assignment_group","1",null],["assigned_to","1",null],["short_description","Implement the notifications system",null],["active","1",0]]');
INSERT INTO worknotes VALUES(210,'2023-05-05 15:04:41','2023-05-05 15:04:41',17,1,0,'It''s now partially implemented. You can @ someone (in a bad way) and if that tag is saved, then it''ll trigger a notification. See INC0000055 for implementation of that system.','Additional comments',NULL);
INSERT INTO worknotes VALUES(211,'2023-05-05 15:20:18','2023-05-05 15:20:18',53,1,1,'@Joakim Saettem-Mucsi please implement.','Work notes (only visible to IT)',NULL);
INSERT INTO worknotes VALUES(212,'2023-05-05 20:25:48','2023-05-05 20:25:48',1,1,1,'@Joakim Saettem-Mucsi please review.','Work notes (only visible to IT)',NULL);
INSERT INTO worknotes VALUES(213,'2023-05-05 20:29:32','2023-05-05 20:29:32',55,1,0,NULL,'Field changes','[["status","In progress","New"]]');
INSERT INTO worknotes VALUES(214,'2023-05-05 20:30:03','2023-05-05 20:30:03',55,1,0,'So this is now live. You have the bell button in the top right corner. Clicking that will pop out the notifications list.','Additional comments',NULL);
INSERT INTO worknotes VALUES(215,'2023-05-05 20:30:52','2023-05-05 20:30:52',1,1,0,'WIP','Additional comments',NULL);
INSERT INTO worknotes VALUES(216,'2023-05-06 21:18:08','2023-05-06 21:18:08',1,1,0,NULL,'Field changes','[["status","Resolved","In progress"]]');
INSERT INTO worknotes VALUES(217,'2023-05-06 21:18:08','2023-05-06 21:18:08',1,1,0,'Resolved','Additional comments',NULL);
INSERT INTO worknotes VALUES(218,'2023-05-06 21:18:08','2023-05-06 21:18:08',1,1,1,replace(replace('Code changed:\r\n```php\r\n// in Ticket.php, add this code in function showColumn:\r\n	case ''short_description'':\r\n				return $this->short_description();\r\n```','\r',char(13)),'\n',char(10)),'Work notes (only visible to IT)',NULL);
INSERT INTO worknotes VALUES(219,'2023-05-06 21:19:08','2023-05-06 21:19:08',55,1,0,NULL,'Field changes','[["status","Resolved","In progress"]]');
INSERT INTO worknotes VALUES(220,'2023-05-06 21:19:08','2023-05-06 21:19:08',55,1,0,'Further improvements needed but this works for a start.','Additional comments',NULL);
INSERT INTO worknotes VALUES(221,'2023-05-06 21:20:20','2023-05-06 21:20:20',24,1,0,'Already implemented to search or referring to any kb article simply by wrapping the text in curly braces. For example {{ Joakim }} or {{ KB001264 }}.','Additional comments',NULL);
INSERT INTO worknotes VALUES(222,'2023-05-06 21:21:17','2023-05-06 21:21:17',24,1,0,replace(replace('Remaining tasks:\r\n1. Be able to search for articles\r\n2. Be able to attach a KB to an incident.','\r',char(13)),'\n',char(10)),'Additional comments',NULL);
INSERT INTO worknotes VALUES(223,'2023-05-06 21:21:22','2023-05-06 21:21:22',24,1,0,NULL,'Field changes','[["status","On hold","In progress"]]');
INSERT INTO worknotes VALUES(224,'2023-05-06 21:21:32','2023-05-06 21:21:32',17,1,0,NULL,'Field changes','[["status","On hold","In progress"]]');
INSERT INTO worknotes VALUES(225,'2023-05-06 21:25:14','2023-05-06 21:25:14',53,1,0,NULL,'Field changes','[["status","In progress","New"]]');
INSERT INTO worknotes VALUES(226,'2023-05-06 21:25:50','2023-05-06 21:25:50',56,1,0,NULL,'Field changes','[["category","Enterprise Systems",null],["subcategory","Feature request",null],["businessservice_id","1",null],["configurationitem_id","1",null],["impact","4","4 - Minor\/Localized"],["urgency","4","4 - Low"],["priority",null,"Low (P4)"],["owner_group","1",null],["assignment_group","1",null],["assigned_to","1",null],["short_description","Make inc button bar sticky",null],["active","1",0]]');
INSERT INTO worknotes VALUES(227,'2023-05-06 21:25:55','2023-05-06 21:25:55',56,1,0,NULL,'Field changes','[["status","In progress","New"]]');
INSERT INTO worknotes VALUES(228,'2023-05-06 21:32:35','2023-05-06 21:32:35',56,1,0,NULL,'Field changes','[["status","Resolved","In progress"]]');
INSERT INTO worknotes VALUES(229,'2023-05-06 21:32:35','2023-05-06 21:32:35',56,1,0,'Implemented.','Additional comments',NULL);
INSERT INTO worknotes VALUES(230,'2023-05-06 21:32:35','2023-05-06 21:32:35',56,1,1,replace(replace('Code\r\n```html\r\n<div id="incident-button-bar" class="dark:bg-gray-900 border-b border-gray-800 bg-gray-200 w-full p-2 text-right fixed h-12 z-10">\r\n```','\r',char(13)),'\n',char(10)),'Work notes (only visible to IT)',NULL);
INSERT INTO worknotes VALUES(231,'2023-05-06 21:40:50','2023-05-06 21:40:50',53,1,0,'moo','Additional comments',NULL);
INSERT INTO worknotes VALUES(232,'2023-05-06 21:43:08','2023-05-06 21:43:08',53,1,0,NULL,'Field changes','[["status","In progress","On hold"]]');
INSERT INTO worknotes VALUES(233,'2023-05-06 21:43:19','2023-05-06 21:43:19',53,1,0,'x','Additional comments',NULL);
INSERT INTO worknotes VALUES(234,'2023-05-06 21:43:19','2023-05-06 21:43:19',53,1,0,NULL,'Field changes','["status","On hold","In progress"]');
INSERT INTO worknotes VALUES(235,'2023-05-06 21:44:08','2023-05-06 21:44:08',53,1,0,NULL,'Field changes','[["status","In progress","On hold"]]');
INSERT INTO worknotes VALUES(236,'2023-05-06 21:44:16','2023-05-06 21:44:16',53,1,0,'x','Additional comments',NULL);
INSERT INTO worknotes VALUES(237,'2023-05-06 21:44:16','2023-05-06 21:44:16',53,1,0,NULL,'Field changes','[["status","On hold","In progress"]]');
INSERT INTO worknotes VALUES(238,'2023-05-06 21:49:58','2023-05-06 21:49:58',53,1,0,NULL,'Field changes','[["status","In progress","On hold"]]');
INSERT INTO worknotes VALUES(239,'2023-05-06 22:00:35','2023-05-06 22:00:35',53,1,0,'Implemented','Additional comments',NULL);
INSERT INTO worknotes VALUES(240,'2023-05-06 22:00:35','2023-05-06 22:00:35',53,1,0,NULL,'Field changes','[["status","Resolved","In progress"]]');
INSERT INTO worknotes VALUES(241,'2023-05-06 22:01:48','2023-05-06 22:01:48',57,1,0,NULL,'Field changes','[["impact",null,"4 - Minor\/Localized"],["urgency",null,"4 - Low"],["priority",null,"Low (P4)"],["short_description","test",null],["active","1",0]]');
INSERT INTO worknotes VALUES(242,'2023-05-06 22:01:54','2023-05-06 22:01:54',57,1,0,'test','Additional comments',NULL);
INSERT INTO worknotes VALUES(243,'2023-05-06 22:01:54','2023-05-06 22:01:54',57,1,0,NULL,'Field changes','[["status","Resolved","New"]]');
INSERT INTO worknotes VALUES(244,'2023-05-06 22:02:07','2023-05-06 22:02:07',57,1,0,NULL,'Field changes','[["status","New","Resolved"]]');
INSERT INTO worknotes VALUES(245,'2023-05-06 22:02:07','2023-05-06 22:02:07',57,1,0,'test','Additional comments',NULL);
INSERT INTO worknotes VALUES(246,'2023-05-06 22:02:07','2023-05-06 22:02:07',57,1,0,NULL,'Field changes','[["status","Resolved","Resolved"]]');
INSERT INTO worknotes VALUES(247,'2023-05-06 22:02:25','2023-05-06 22:02:25',57,1,0,NULL,'Field changes','[["status","New","Resolved"]]');
INSERT INTO worknotes VALUES(248,'2023-05-06 22:02:25','2023-05-06 22:02:25',57,1,0,'test','Additional comments',NULL);
INSERT INTO worknotes VALUES(249,'2023-05-06 22:02:25','2023-05-06 22:02:25',57,1,0,NULL,'Field changes','[["status","Resolved","Resolved"]]');
INSERT INTO worknotes VALUES(250,'2023-05-06 22:02:34','2023-05-06 22:02:34',57,1,0,NULL,'Field changes','[["status","New","Resolved"]]');
INSERT INTO worknotes VALUES(251,'2023-05-06 22:02:34','2023-05-06 22:02:34',57,1,0,'test','Additional comments',NULL);
INSERT INTO worknotes VALUES(252,'2023-05-06 22:02:34','2023-05-06 22:02:34',57,1,0,NULL,'Field changes','[["status","Resolved","Resolved"]]');
INSERT INTO worknotes VALUES(253,'2023-05-06 22:02:42','2023-05-06 22:02:42',57,1,0,NULL,'Field changes','[["status","New","Resolved"]]');
INSERT INTO worknotes VALUES(254,'2023-05-06 22:02:42','2023-05-06 22:02:42',57,1,0,'test','Additional comments',NULL);
INSERT INTO worknotes VALUES(255,'2023-05-06 22:02:42','2023-05-06 22:02:42',57,1,0,NULL,'Field changes','[["status","Resolved","Resolved"]]');
INSERT INTO worknotes VALUES(256,'2023-05-06 22:03:41','2023-05-06 22:03:41',57,1,0,NULL,'Field changes','[["status","New","Resolved"]]');
INSERT INTO worknotes VALUES(257,'2023-05-06 22:03:41','2023-05-06 22:03:41',57,1,0,'test','Additional comments',NULL);
INSERT INTO worknotes VALUES(258,'2023-05-06 22:03:41','2023-05-06 22:03:41',57,1,0,NULL,'Field changes','[["status","Resolved","Resolved"]]');
INSERT INTO worknotes VALUES(259,'2023-05-06 22:04:27','2023-05-06 22:04:27',58,1,0,NULL,'Field changes','[["category","Enterprise Systems",null],["subcategory","Feature request",null],["businessservice_id","1",null],["configurationitem_id","1",null],["impact","1","4 - Minor\/Localized"],["urgency","3","4 - Low"],["priority",null,"Low (P4)"],["assignment_group","1",null],["assigned_to","1",null],["short_description","Make all fields read-only for an incident in Resolved status",null],["active","1",0]]');
INSERT INTO worknotes VALUES(260,'2023-05-06 22:04:41','2023-05-06 22:04:41',58,1,0,NULL,'Field changes','[["status","In progress","New"]]');
INSERT INTO worknotes VALUES(261,'2023-05-06 22:06:18','2023-05-06 22:06:18',59,1,0,NULL,'Field changes','[["category","Enterprise Systems",null],["subcategory","Feature request",null],["businessservice_id","1",null],["configurationitem_id","1",null],["impact","1","4 - Minor\/Localized"],["urgency","4","4 - Low"],["priority",null,"Low (P4)"],["owner_group","1",null],["assignment_group","1",null],["assigned_to","1",null],["short_description","Implement being able to quick update an incident in a view",null],["active","1",0]]');
INSERT INTO worknotes VALUES(262,'2023-05-06 22:06:42','2023-05-06 22:06:42',59,1,0,NULL,'Field changes','[["status","In progress","New"]]');
INSERT INTO worknotes VALUES(263,'2023-05-06 22:18:21','2023-05-06 22:18:21',58,1,0,'Implemented.','Additional comments',NULL);
INSERT INTO worknotes VALUES(264,'2023-05-06 22:18:21','2023-05-06 22:18:21',58,1,0,NULL,'Field changes','[["status","Resolved","In progress"]]');
INSERT INTO worknotes VALUES(265,'2023-05-07 17:54:43','2023-05-07 17:54:43',59,1,0,'No time yet.','Additional comments',NULL);
INSERT INTO worknotes VALUES(266,'2023-05-07 17:54:43','2023-05-07 17:54:43',59,1,0,NULL,'Field changes','[["status","On hold","In progress"]]');
INSERT INTO worknotes VALUES(267,'2023-05-07 17:55:22','2023-05-07 17:55:22',60,1,0,NULL,'Field changes','[["category","Enterprise Systems",null],["subcategory","Feature request",null],["businessservice_id","1",null],["configurationitem_id","1",null],["status","In progress","New"],["impact","1","4 - Minor\/Localized"],["urgency","4","4 - Low"],["priority",null,"Low (P4)"],["owner_group","1",null],["assignment_group","1",null],["assigned_to","1",null],["short_description","When putting an inc on hold, go back to ticket view",null],["active","1",0]]');
INSERT INTO worknotes VALUES(268,'2023-05-07 17:57:03','2023-05-07 17:57:03',60,1,0,'test','Additional comments',NULL);
INSERT INTO worknotes VALUES(269,'2023-05-07 17:57:03','2023-05-07 17:57:03',60,1,0,NULL,'Field changes','[["status","On hold","In progress"]]');
INSERT INTO worknotes VALUES(270,'2023-05-07 17:57:11','2023-05-07 17:57:11',60,1,0,NULL,'Field changes','[["status","In progress","On hold"]]');
INSERT INTO worknotes VALUES(271,'2023-05-07 17:57:19','2023-05-07 17:57:19',60,1,0,'Implemented','Additional comments',NULL);
INSERT INTO worknotes VALUES(272,'2023-05-07 17:57:19','2023-05-07 17:57:19',60,1,0,NULL,'Field changes','[["status","Resolved","In progress"]]');
INSERT INTO worknotes VALUES(273,'2023-05-07 21:03:48','2023-05-07 21:03:48',14,1,0,NULL,'Field changes','[["status","In progress","New"]]');
INSERT INTO worknotes VALUES(274,'2023-05-07 21:03:48','2023-05-07 21:03:48',14,1,0,'WIP','Additional comments',NULL);
INSERT INTO worknotes VALUES(275,'2023-05-07 21:07:36','2023-05-07 21:07:36',14,1,0,NULL,'Field changes','[["priority","Critical (P1)",null]]');
INSERT INTO worknotes VALUES(276,'2023-05-07 21:08:21','2023-05-07 21:08:21',14,1,0,replace(replace('Resolved.\r\nHad to remove disabled on the Priority text input and make it readonly instead.','\r',char(13)),'\n',char(10)),'Additional comments',NULL);
INSERT INTO worknotes VALUES(277,'2023-05-07 21:08:21','2023-05-07 21:08:21',14,1,0,NULL,'Field changes','[["status","Resolved","In progress"]]');
INSERT INTO worknotes VALUES(278,'2023-05-07 21:08:45','2023-05-07 21:08:45',52,1,0,NULL,'Field changes','[["assigned_to","0",1]]');
INSERT INTO worknotes VALUES(279,'2023-05-07 21:09:00','2023-05-07 21:09:00',31,1,0,NULL,'Field changes','[["assigned_to","0",1]]');
INSERT INTO worknotes VALUES(280,'2023-05-07 21:09:04','2023-05-07 21:09:04',33,1,0,NULL,'Field changes','[["assigned_to","0",1]]');
INSERT INTO worknotes VALUES(281,'2023-05-07 21:09:08','2023-05-07 21:09:08',30,1,0,NULL,'Field changes','[["assigned_to","0",1]]');
INSERT INTO worknotes VALUES(282,'2023-05-07 21:09:12','2023-05-07 21:09:12',44,1,0,NULL,'Field changes','[["assigned_to","0",1]]');
INSERT INTO worknotes VALUES(283,'2023-05-07 21:09:16','2023-05-07 21:09:16',29,1,0,NULL,'Field changes','[["assigned_to","0",1]]');
INSERT INTO worknotes VALUES(284,'2023-05-07 21:09:40','2023-05-07 21:09:40',49,1,0,NULL,'Field changes','[["category","Enterprise Systems",null],["subcategory","Feature request",null],["businessservice_id","1",null],["configurationitem_id","1",null],["impact","4",null],["urgency","4",null],["priority","Low (P4)",null],["assignment_group","1",null],["assigned_to","0",null]]');
INSERT INTO worknotes VALUES(285,'2023-05-07 21:09:56','2023-05-07 21:09:56',29,1,0,NULL,'Field changes','[["priority","Critical (P1)",null]]');
INSERT INTO worknotes VALUES(286,'2023-05-07 21:10:13','2023-05-07 21:10:13',29,1,0,NULL,'Field changes','[["category","Enterprise Systems",null],["subcategory","Bug",null],["businessservice_id","1",null],["configurationitem_id","1",null]]');
INSERT INTO worknotes VALUES(287,'2023-05-07 21:10:29','2023-05-07 21:10:29',34,1,0,NULL,'Field changes','[["assigned_to","0",1]]');
INSERT INTO worknotes VALUES(288,'2023-05-07 21:11:33','2023-05-07 21:11:33',48,1,0,NULL,'Field changes','[["category","Enterprise Systems",null],["subcategory","Feature request",null],["businessservice_id","1",null],["configurationitem_id","1",null],["impact","1",null],["urgency","3",null],["priority","High (P2)",null],["owner_group","1",null],["assignment_group","1",null],["assigned_to","0",null]]');
INSERT INTO worknotes VALUES(289,'2023-05-07 21:11:44','2023-05-07 21:11:44',34,1,0,NULL,'Field changes','[["impact","1","4"],["priority","Low (P4)",null]]');
INSERT INTO worknotes VALUES(290,'2023-05-07 21:11:53','2023-05-07 21:11:53',44,1,0,NULL,'Field changes','[["impact","1","4"],["urgency","3","4"],["priority","High (P2)",null]]');
INSERT INTO worknotes VALUES(291,'2023-05-07 21:12:03','2023-05-07 21:12:03',30,1,0,NULL,'Field changes','[["urgency","2","3"],["priority","High (P2)",null]]');
INSERT INTO worknotes VALUES(292,'2023-05-07 21:12:13','2023-05-07 21:12:13',33,1,0,NULL,'Field changes','[["priority","Low (P4)",null]]');
INSERT INTO worknotes VALUES(293,'2023-05-07 21:12:27','2023-05-07 21:12:27',31,1,0,NULL,'Field changes','[["impact","1","3"],["urgency","4","3"],["priority","Low (P4)",null]]');
INSERT INTO worknotes VALUES(294,'2023-05-07 21:12:37','2023-05-07 21:12:37',52,1,0,NULL,'Field changes','[["impact","1",null],["urgency","4",null],["priority","Low (P4)",null]]');
INSERT INTO worknotes VALUES(295,'2023-05-07 21:12:50','2023-05-07 21:12:50',23,1,0,NULL,'Field changes','[["impact","4","3"],["urgency","4","3"],["priority","Low (P4)",null]]');
INSERT INTO worknotes VALUES(296,'2023-05-07 21:13:13','2023-05-07 21:13:13',22,1,0,NULL,'Field changes','[["impact","4","3"],["urgency","4","3"],["priority","Low (P4)",null],["assigned_to","0",1]]');
INSERT INTO worknotes VALUES(297,'2023-05-07 21:16:30','2023-05-07 21:16:30',21,1,0,NULL,'Field changes','[["impact","4","3"],["urgency","4","3"],["priority","Low (P4)",null],["assigned_to","0",1]]');
INSERT INTO worknotes VALUES(298,'2023-05-07 21:16:38','2023-05-07 21:16:38',23,1,0,NULL,'Field changes','[["assigned_to","0",1]]');
INSERT INTO worknotes VALUES(299,'2023-05-07 21:16:48','2023-05-07 21:16:48',15,1,0,NULL,'Field changes','[["priority","Low (P4)",null],["assigned_to","0",1]]');
INSERT INTO worknotes VALUES(300,'2023-05-07 21:17:09','2023-05-07 21:17:09',59,1,0,NULL,'Field changes','[["status","New","On hold"],["priority","Low (P4)",null],["assigned_to","0",1]]');
INSERT INTO worknotes VALUES(301,'2023-05-07 21:17:39','2023-05-07 21:17:39',17,1,0,NULL,'Field changes','[["status","In progress","On hold"]]');
INSERT INTO worknotes VALUES(302,'2023-05-07 21:17:46','2023-05-07 21:17:46',17,1,0,'Resolved for now. Needs to be improved in the future.','Additional comments',NULL);
INSERT INTO worknotes VALUES(303,'2023-05-07 21:17:46','2023-05-07 21:17:46',17,1,0,NULL,'Field changes','[["status","Resolved","In progress"]]');
INSERT INTO worknotes VALUES(304,'2023-05-07 21:18:08','2023-05-07 21:18:08',3,1,0,NULL,'Field changes','[["status","In progress","On hold"]]');
INSERT INTO worknotes VALUES(305,'2023-05-07 21:18:21','2023-05-07 21:18:21',3,1,0,'Closing as was only created as a test.','Additional comments',NULL);
INSERT INTO worknotes VALUES(306,'2023-05-07 21:18:21','2023-05-07 21:18:21',3,1,0,NULL,'Field changes','[["status","Resolved","In progress"]]');
INSERT INTO worknotes VALUES(307,'2023-05-07 21:18:50','2023-05-07 21:18:50',18,1,0,NULL,'Field changes','[["priority","Low (P4)",null]]');
INSERT INTO worknotes VALUES(308,'2023-05-07 21:19:05','2023-05-07 21:19:05',24,1,0,NULL,'Field changes','[["priority","Medium (P3)",null]]');
INSERT INTO worknotes VALUES(309,'2023-05-07 21:19:15','2023-05-07 21:19:15',35,1,0,NULL,'Field changes','[["priority","Low (P4)",null]]');
INSERT INTO worknotes VALUES(310,'2023-05-07 21:19:21','2023-05-07 21:19:21',5,1,0,NULL,'Field changes','[["priority","Medium (P3)",null]]');
INSERT INTO worknotes VALUES(311,'2023-05-07 21:30:39','2023-05-07 21:30:39',61,1,0,NULL,'Field changes','[["category","Enterprise Systems",null],["subcategory","Feature request",null],["businessservice_id","1",null],["configurationitem_id","1",null],["impact","4","4 - Minor\/Localized"],["urgency","4","4 - Low"],["owner_group","1",null],["assignment_group","1",null],["assigned_to","0",null],["short_description","Ideas to steal from ServiceNow",null],["description","Taken from the personal develop version of snow.",null],["active","1",0]]');
INSERT INTO worknotes VALUES(312,'2023-05-07 21:31:34','2023-05-07 21:31:34',61,1,0,'See {{ ServiceNow Services }}','Additional comments',NULL);
INSERT INTO worknotes VALUES(313,'2023-05-07 21:31:42','2023-05-07 21:31:42',61,1,0,'{{ test }}','Additional comments',NULL);
INSERT INTO worknotes VALUES(314,'2023-05-07 21:31:50','2023-05-07 21:31:50',61,1,0,'{{ ServiceNow_Services }}','Additional comments',NULL);
INSERT INTO worknotes VALUES(315,'2023-05-07 22:11:50','2023-05-07 22:11:50',44,1,1,'{{ ServiceNow_Services }}','Work notes (only visible to IT)',NULL);
INSERT INTO worknotes VALUES(316,'2023-05-08 06:25:12','2023-05-08 06:25:12',62,1,0,NULL,'Field changes','[["category","Enterprise Systems",null],["subcategory","Feature request",null],["businessservice_id","1",null],["configurationitem_id","1",null],["impact","1","4 - Minor\/Localized"],["urgency","3","4 - Low"],["priority","High (P2)","Low (P4)"],["owner_group","1",null],["assignment_group","1",null],["assigned_to","0",null],["short_description","Implement On Hold reason",null],["description","Whenever an incident is on hold, a reason must be picked.\r\nFor example this could be \r\n- Waiting for user - confirm resolution\r\n- Waiting for user - troubleshooting\r\n- Waiting for internal system\r\n- Waiting for problem\r\n- Waiting for change",null],["active","1",0]]');
INSERT INTO worknotes VALUES(317,'2023-05-08 07:58:21','2023-05-08 07:58:21',62,1,0,replace(replace('Whenever an incident is on hold, a reason must be picked.\r\nFor example this could be \r\n- Waiting for user - confirm resolution\r\n- Waiting for user - troubleshooting\r\n- Waiting for internal system\r\n- Waiting for problem\r\n- Waiting for change','\r',char(13)),'\n',char(10)),'Additional comments',NULL);
INSERT INTO worknotes VALUES(318,'2023-05-08 11:34:00','2023-05-08 11:34:00',49,1,0,NULL,'Field changes','[["status","On hold","New"],["impact","1","4"]]');
INSERT INTO worknotes VALUES(319,'2023-05-08 11:34:00','2023-05-08 11:34:00',49,1,0,'Lowest of prios since there are no users yet.','Additional comments',NULL);
INSERT INTO worknotes VALUES(320,'2023-05-08 11:34:50','2023-05-08 11:34:50',63,1,0,NULL,'Field changes','[["category","Enterprise Systems",null],["subcategory","Feature request",null],["businessservice_id","1",null],["configurationitem_id","1",null],["impact","1","4 - Minor\/Localized"],["urgency","4","4 - Low"],["owner_group","1",null],["assignment_group","1",null],["assigned_to","1",null],["short_description","Implement statuses as a model in the db instead of static javascript",null],["active","1",0]]');
INSERT INTO worknotes VALUES(321,'2023-05-08 11:34:57','2023-05-08 11:34:57',63,1,0,NULL,'Field changes','[["status","In progress","New"]]');
INSERT INTO worknotes VALUES(322,'2023-05-08 11:35:33','2023-05-08 11:35:33',64,1,0,NULL,'Field changes','[["category","Enterprise Systems",null],["subcategory","Bug",null],["businessservice_id","1",null],["configurationitem_id","1",null],["impact","1","4 - Minor\/Localized"],["urgency","3","4 - Low"],["priority","High (P2)","Low (P4)"],["owner_group","1",null],["assignment_group","1",null],["assigned_to","1",null],["short_description","Field changes to show actual values, not just ids",null],["active","1",0]]');
INSERT INTO worknotes VALUES(323,'2023-05-08 11:35:38','2023-05-08 11:35:38',64,1,0,NULL,'Field changes','[["status","In progress","New"]]');
INSERT INTO worknotes VALUES(324,'2023-05-08 11:35:49','2023-05-08 11:35:49',63,1,0,NULL,'Field changes','[["status","New","In progress"]]');
INSERT INTO worknotes VALUES(325,'2023-05-08 11:37:34','2023-05-08 11:37:34',64,1,1,replace(replace('```bash\r\nphp artisan make:model -m Status\r\n```','\r',char(13)),'\n',char(10)),'Work notes (only visible to IT)',NULL);
INSERT INTO worknotes VALUES(326,'2023-05-08 11:40:44','2023-05-08 11:40:44',64,1,1,replace(replace('In the migration file add:\r\n```php\r\n$table->string(''name'');\r\n```','\r',char(13)),'\n',char(10)),'Work notes (only visible to IT)',NULL);
INSERT INTO worknotes VALUES(327,'2023-05-08 11:41:12','2023-05-08 11:41:12',64,1,1,replace(replace('```bash\r\nphp artisan migrate\r\n```','\r',char(13)),'\n',char(10)),'Work notes (only visible to IT)',NULL);
INSERT INTO worknotes VALUES(328,'2023-05-08 11:42:58','2023-05-08 11:42:58',63,1,0,NULL,'Field changes','[["status","In progress","New"]]');
INSERT INTO worknotes VALUES(329,'2023-05-08 11:43:29','2023-05-08 11:43:29',64,1,0,NULL,'Field changes','[["status","New","In progress"]]');
INSERT INTO worknotes VALUES(330,'2023-05-08 11:43:29','2023-05-08 11:43:29',64,1,1,'Work notes below relate to INC0000063, not INC0000064.','Work notes (only visible to IT)',NULL);
INSERT INTO worknotes VALUES(331,'2023-05-08 11:49:48','2023-05-08 11:49:48',63,1,0,NULL,'Field changes','[["status","On hold","In progress"]]');
INSERT INTO worknotes VALUES(332,'2023-05-08 11:49:48','2023-05-08 11:49:48',63,1,0,'Not important, putting on hold.','Additional comments',NULL);
INSERT INTO worknotes VALUES(333,'2023-05-08 11:50:00','2023-05-08 11:50:00',64,1,0,NULL,'Field changes','[["status","In progress","New"]]');
INSERT INTO worknotes VALUES(334,'2023-05-08 12:50:56','2023-05-08 12:50:56',64,1,0,NULL,'Field changes','[["businessservice_id","Websites",1],["configurationitem_id","2",1]]');
INSERT INTO worknotes VALUES(335,'2023-05-08 12:51:36','2023-05-08 12:51:36',64,1,0,NULL,'Field changes','[["businessservice_id","Enterprise Systems","Websites"],["configurationitem_id","1",2]]');
INSERT INTO worknotes VALUES(336,'2023-05-08 12:52:06','2023-05-08 12:52:06',64,1,0,NULL,'Field changes','[["configurationitem_id","internal.sagikos.com","tickets.sagikos.com"]]');
INSERT INTO worknotes VALUES(337,'2023-05-08 12:52:11','2023-05-08 12:52:11',64,1,0,NULL,'Field changes','[["configurationitem_id","tickets.sagikos.com","internal.sagikos.com"]]');
INSERT INTO worknotes VALUES(338,'2023-05-08 12:52:16','2023-05-08 12:52:16',64,1,0,NULL,'Field changes','[["assignment_group","2",1],["assigned_to","0",1]]');
INSERT INTO worknotes VALUES(339,'2023-05-08 12:53:41','2023-05-08 12:53:41',64,1,0,NULL,'Field changes','[["assignment_group","Sagikos-Development","Honessy-Management"],["assigned_to","Joakim Saettem-Mucsi",null]]');
INSERT INTO worknotes VALUES(340,'2023-05-08 12:54:34','2023-05-08 12:54:34',64,1,0,NULL,'Field changes','[["status","On hold","In progress"]]');
INSERT INTO worknotes VALUES(341,'2023-05-08 12:54:34','2023-05-08 12:54:34',64,1,0,'Test to see if it works','Additional comments',NULL);
INSERT INTO worknotes VALUES(342,'2023-05-08 12:54:52','2023-05-08 12:54:52',64,1,0,NULL,'Field changes','[["status","In progress","On hold"]]');
INSERT INTO worknotes VALUES(343,'2023-05-08 12:54:59','2023-05-08 12:54:59',64,1,0,'Implemented.','Additional comments',NULL);
INSERT INTO worknotes VALUES(344,'2023-05-08 12:54:59','2023-05-08 12:54:59',64,1,0,NULL,'Field changes','[["status","Resolved","In progress"]]');
INSERT INTO worknotes VALUES(345,'2023-05-08 15:52:26','2023-05-08 15:52:26',62,1,1,'Prior to implementation, separate an incident''s form fields into a left and right section. This way the dynamic field can be shown and hidden more easily.','Work notes (only visible to IT)',NULL);
INSERT INTO worknotes VALUES(346,'2023-05-08 15:52:31','2023-05-08 15:52:31',62,1,0,NULL,'Field changes','[["status","In progress","New"]]');
INSERT INTO worknotes VALUES(347,'2023-05-08 17:15:07','2023-05-08 17:15:07',62,1,1,'Incident form fields separated into left and right.','Work notes (only visible to IT)',NULL);
CREATE TABLE IF NOT EXISTS "views" ("id" integer not null primary key autoincrement, "created_at" datetime, "updated_at" datetime, "public" integer not null default '0', "created_by" integer, "updated_by" integer, "columns" varchar not null, "sorted_by" varchar, "grouped_by" varchar, "name" varchar not null, "filter" varchar);
INSERT INTO views VALUES(27,'2023-05-04 15:00:17','2023-05-04 15:00:17',1,1,1,'identifier(), status, priority, assignment_group, assigned_to, short_description, updated_at, created_at','updated_at',NULL,'All Incidents','active = 1');
INSERT INTO views VALUES(28,'2023-05-04 15:00:17','2023-05-04 15:00:17',1,1,1,'identifier(), status, priority, assignment_group, assigned_to, short_description, updated_at, created_at','updated_at',NULL,'Open incidents','status in (''New'', ''In progress'', ''On hold'') AND active = 1');
INSERT INTO views VALUES(29,'2023-05-04 15:00:17','2023-05-04 15:00:17',1,1,1,'identifier(), status, priority, assignment_group, assigned_to, short_description, updated_at, created_at','updated_at',NULL,'In Progress','status = ''In progress'' AND active = 1');
INSERT INTO views VALUES(30,'2023-05-04 15:00:17','2023-05-04 15:00:17',1,1,1,'identifier(), status, priority, assignment_group, assigned_to, short_description, updated_at, created_at','updated_at',NULL,'New','status = ''New'' AND active = 1');
INSERT INTO views VALUES(31,'2023-05-04 15:00:17','2023-05-04 15:00:17',1,1,1,'identifier(), status, priority, assignment_group, assigned_to, short_description, updated_at, created_at','updated_at',NULL,'On hold','status = ''On hold'' AND active = 1');
CREATE TABLE IF NOT EXISTS "notifications" ("id" integer not null primary key autoincrement, "created_at" datetime, "updated_at" datetime, "user_id" integer not null, "title" varchar, "body" text not null, "read_at" datetime);
INSERT INTO notifications VALUES(1,'2023-05-05 15:00:22','2023-05-05 15:00:22',1,'Joakim Saettem-Mucsi mentioned you in 17','Click here for details',NULL);
INSERT INTO notifications VALUES(2,'2023-05-05 15:00:43','2023-05-05 15:00:43',2,'Joakim Saettem-Mucsi mentioned you in INC0000017','Click here for details',NULL);
INSERT INTO notifications VALUES(3,'2023-05-05 15:20:18','2023-05-05 15:20:18',1,'Joakim Saettem-Mucsi mentioned you in INC0000053','Click here for details',NULL);
INSERT INTO notifications VALUES(4,'2023-05-05 20:25:48','2023-05-05 20:25:48',1,'Joakim Saettem-Mucsi mentioned you in INC0000001','Click here for details',NULL);
CREATE TABLE IF NOT EXISTS "statuses" ("id" integer not null primary key autoincrement, "created_at" datetime, "updated_at" datetime, "name" varchar not null);
DELETE FROM sqlite_sequence;
INSERT INTO sqlite_sequence VALUES('migrations',19);
INSERT INTO sqlite_sequence VALUES('users',7);
INSERT INTO sqlite_sequence VALUES('b_s',3);
INSERT INTO sqlite_sequence VALUES('c_i_s',7);
INSERT INTO sqlite_sequence VALUES('teams',5);
INSERT INTO sqlite_sequence VALUES('tickets',64);
INSERT INTO sqlite_sequence VALUES('articles',46);
INSERT INTO sqlite_sequence VALUES('views',31);
INSERT INTO sqlite_sequence VALUES('notifications',4);
CREATE UNIQUE INDEX "users_email_unique" on "users" ("email");
CREATE UNIQUE INDEX "failed_jobs_uuid_unique" on "failed_jobs" ("uuid");
CREATE INDEX "personal_access_tokens_tokenable_type_tokenable_id_index" on "personal_access_tokens" ("tokenable_type", "tokenable_id");
CREATE UNIQUE INDEX "personal_access_tokens_token_unique" on "personal_access_tokens" ("token");
CREATE UNIQUE INDEX "articles_title_unique" on "articles" ("title");
CREATE UNIQUE INDEX "settings_user_id_setting_unique" on "settings" ("user_id", "setting");
COMMIT;
